이름,우편번호,주소,주소상세,전화번호,이메일
김정수,96302,경기도 이천시 가락111가 681,영길박한빌라 411호,054-044-5700,eunju49@example.net
김은정,14048,경기도 이천시 논현가 37,영일문빌라 988호,062-508-5236,coeyeonghyi@example.org
안상현,91239,서울특별시 강북구 봉은사로 지하970,수민김임빌라 250호,063-146-2085,yeongsu80@example.com
김현정,04966,경기도 증평군 삼성길 963-16,상훈김김타워 가동 341호,033-827-1817,jihu17@example.net
김선영,11778,대구광역시 중랑구 양재천9길 지하615 (은서나읍),상호류윤타운,051-085-4164,tgim@example.com
조윤서,72504,충청북도 고성군 언주11길 36-68 (지영이김리),민서이마을 E동 412호,017-087-3896,gimjiu@example.org
노명자,40020,부산광역시 동구 백제고분785로 지하115 (서현김마을),지영하구빌라,070-8305-9250,minjun04@example.net
이명자,60149,경상북도 당진시 논현651가 70-29 (은경고장동),윤서백이빌라,02-9619-2628,minjigim@example.org
김은서,36782,전라북도 당진시 영동대거리 581,순옥이빌라 646호,044-723-2490,hi@example.net
오지아,66791,부산광역시 노원구 반포대14길 612-23 (영길오김면),동현박박타워 Z동 457호,063-265-1733,zi@example.net
박준서,83921,세종특별자치시 강북구 언주길 지하772 (영일장동),정웅이연립,010-0800-7167,rgim@example.net
이영자,84316,전라북도 안산시 상록구 삼성769거리 707 (현준서동),준혁박타워 O동 105호,052-625-3975,minseo38@example.org
고경수,33360,경기도 청주시 상당구 오금8가 415-70,채원이김마을 991호,032-910-5117,fbag@example.com
김숙자,51574,광주광역시 광진구 가락3로 724-50,진우이연립 L동 035호,032-071-7092,songeunjeong@example.org
한준호,05584,강원도 예산군 영동대894길 428 (은지배리),민재김빌라 714호,011-316-8098,yeonghwan36@example.com
송준혁,47054,경상남도 금산군 테헤란27길 415-14 (서현한손읍),정식황김타워,063-153-4138,kmun@example.com
고보람,85365,인천광역시 서대문구 언주거리 131-81,성현이박타운,031-829-1294,sunja92@example.com
권하윤,44289,대구광역시 양천구 서초중앙거리 13,서현장연립,033-828-1920,misug70@example.net
김영길,66480,서울특별시 은평구 가락가 657,민지강노마을,070-0460-8145,cbag@example.net
임지은,87362,대구광역시 금천구 개포가 101 (민수김읍),민준이이아파트 D동 040호,041-547-7016,jinu15@example.com
진경수,55502,대전광역시 강동구 양재천거리 107,민석황손타워,019-561-9423,zim@example.com
최경희,52572,제주특별자치도 당진시 반포대2가 320 (정호김리),은정지아파트 L동 036호,02-8138-0305,qgang@example.net
김정순,59453,강원도 태백시 반포대85가 545-37 (영희안마을),정훈신박연립 R동 524호,016-316-7297,yeongsu98@example.net
황예원,15542,경기도 안산시 단원구 언주거리 459-52,경희박한타워 R동 397호,031-200-2483,iseongjin@example.org
심성현,34203,충청북도 동두천시 역삼701길 69 (성훈김하면),서윤하타운,051-408-4466,gimjihu@example.com
손정남,85966,전라북도 예산군 오금25로 762,하은김타운 449호,033-484-5729,jieungim@example.com
이정식,55663,전라북도 논산시 가락길 953-1 (미숙차하마을),지아김박빌라 914호,055-760-2101,hyeonjeong76@example.com
이경희,33814,인천광역시 강서구 도산대95로 895-96,성호양류타운 E동 228호,044-139-1323,yeongsiggim@example.org
이수빈,40835,서울특별시 강서구 삼성62로 956,영호김아파트 L동 547호,042-633-3434,uhong@example.net
김은경,71381,전라남도 음성군 잠실로 863-87 (현정최면),민수박연립,031-872-1271,bagjunho@example.org
이지영,20799,강원도 천안시 서북구 오금861길 592 (경희최면),도윤김김빌라 757호,064-706-3072,asong@example.com
홍재호,48796,세종특별자치시 은평구 오금거리 136,영호오정타운 U동 662호,070-6309-6291,gimjeongja@example.com
김지아,44754,울산광역시 서초구 테헤란거리 770,서연장아파트,031-942-4416,juweon93@example.net
김민지,46543,부산광역시 서구 봉은사651길 218,은서김연립 987호,053-716-1360,pgweon@example.org
김보람,81883,부산광역시 성북구 역삼04길 430-95 (진우김이면),지아박빌라 C동 436호,044-111-4533,agim@example.net
류준서,20453,인천광역시 남구 도산대가 500,광수남빌라 162호,051-834-6394,gimseoyeon@example.com
박숙자,56654,인천광역시 동작구 테헤란60가 499,우진김엄마을,061-614-1808,jeongsug48@example.net
송혜진,93620,경기도 부천시 원미구 서초대가 765 (상현이김면),준호김권연립 W동 047호,010-3755-4019,gimseoyeong@example.org
장은주,24735,인천광역시 강북구 압구정68가 565 (동현이박면),정웅조타워 816호,018-110-8991,iogja@example.net
김예원,01832,세종특별자치시 동구 개포길 917,영진황서연립 R동 171호,062-394-5878,dgo@example.com
홍민서,40069,서울특별시 강남구 양재천855길 633-92,미숙황타운 627호,017-321-1799,jeongung33@example.com
김정숙,25309,대구광역시 성동구 역삼길 480 (민수박김동),병철최연립 407호,044-911-2341,coeeunyeong@example.org
윤주원,22647,전라남도 고양시 일산서구 백제고분로 334,지현최마을 T동 862호,02-9615-2135,jiyeonyang@example.net
김시우,51735,전라북도 천안시 동남구 테헤란0로 484-35 (주원최이리),서현이빌라,033-799-1028,gimseohyeon@example.net
김정웅,33806,대구광역시 도봉구 학동가 227-34 (상현서손면),영식최배마을,061-689-8346,yejungim@example.net
김민준,46474,울산광역시 관악구 삼성233길 지하664 (현우서면),은영박윤마을 262호,018-836-9140,suminbag@example.com
이민지,57240,대전광역시 도봉구 서초대가 696-78 (영순오면),도현김김타워 L동 492호,031-303-6642,gyeongsug28@example.net
윤재현,92841,강원도 용인시 기흥구 언주49가 470,보람박박타운,017-665-3182,jeonghyigim@example.org
이지원,16101,광주광역시 중랑구 서초중앙924거리 425-24,서윤이박타워,041-452-2355,seohyeongim@example.net
이경희,85852,경상북도 성남시 분당구 오금5길 829-82,예준김마을,016-110-2179,minjae93@example.net
오경숙,35695,세종특별자치시 서초구 학동573거리 7 (서영이마을),은정이김타운 798호,010-3628-9154,jihuheo@example.net
이재현,39120,울산광역시 성북구 언주6길 17,경자진박타워,010-6587-7323,gimminji@example.org
김경자,28264,전라북도 보령시 오금로 421 (상철주리),서영강빌라 208호,011-001-3865,hyeonjeonggim@example.com
윤하윤,17693,울산광역시 양천구 선릉로 348-64 (채원권오면),성민성타워 698호,031-708-5003,gimminseog@example.org
김예준,69940,경상남도 횡성군 학동길 165,서윤최연립,033-245-0844,igim@example.com
김진호,57214,광주광역시 금천구 학동가 233,우진김아파트,017-640-9546,jeongsunhong@example.net
박은경,84804,강원도 가평군 역삼길 285,주원박류타운 712호,063-450-6675,ygim@example.net
이승민,48845,제주특별자치도 태안군 강남대1로 255,영호권김타운 N동 914호,018-030-7864,yeongsuhan@example.net
박준호,10390,부산광역시 금천구 백제고분가 874-94 (정호권면),미영이유마을 W동 179호,031-633-6027,ihan@example.org
김준혁,21649,제주특별자치도 고양시 일산동구 역삼60길 484-69,영길김마을 X동 949호,018-419-9774,bagjaeho@example.org
장미정,18904,광주광역시 양천구 가락길 887,경자곽장마을 271호,018-290-3824,gwangsugim@example.org
김정숙,71964,강원도 의정부시 반포대91거리 346,주원노아파트 Q동 496호,042-489-2301,janghyeonjun@example.org
송시우,46920,전라남도 계룡시 가락367길 지하20 (정남류김읍),지민심서타운 E동 777호,011-117-9578,imyeongsug@example.com
김주원,53490,전라남도 수원시 장안구 선릉거리 92-99 (민준김면),미정이타운 G동 076호,061-926-5610,ggim@example.com
이서현,59481,전라북도 동해시 가락36길 253,순옥김황타워 다동 357호,011-317-9227,coeseonghun@example.com
최명숙,40406,광주광역시 강북구 양재천로 446,재현배아파트,010-1273-7452,gyeongjagang@example.org
서정훈,64813,세종특별자치시 서구 영동대804길 688 (경수이권읍),지우김연립 679호,053-430-6350,sujin69@example.net
김지후,30569,대구광역시 동작구 논현37가 913 (경자김마을),지후박이연립,02-2704-2758,hyeonjun13@example.org
김옥순,10898,세종특별자치시 영등포구 역삼가 199-1,상호장이빌라 128호,070-0628-0526,vjang@example.net
안미영,10506,서울특별시 강서구 선릉길 19,정호권마을 C동 740호,051-918-5709,siu70@example.org
우성진,68306,울산광역시 송파구 서초대741로 지하213 (영숙김이읍),명숙문강연립 X동 417호,055-880-7887,gimyeeun@example.net
김예원,19858,울산광역시 서대문구 논현81가 128-78,영미이빌라 K동 886호,055-195-7147,oi@example.com
김민재,00142,제주특별자치도 성남시 수정구 반포대가 626-52 (정순안윤면),수민이빌라,010-8366-3657,jinu51@example.org
홍서준,02997,충청북도 성남시 중원구 영동대466로 75-46 (혜진이동),주원이마을 921호,011-202-4716,ahwang@example.org
고미정,98419,전라북도 화성시 백제고분거리 지하353 (정자최동),은서김김타운,019-297-3816,yeweongim@example.com
박예지,27659,경상북도 논산시 가락거리 335,경희윤한타운,055-594-5391,jungsu02@example.org
류민준,90601,대구광역시 강서구 압구정596로 899-9 (민수오박동),예은강연립 K동 554호,017-864-7876,gimjungsu@example.org
강경자,25409,광주광역시 도봉구 강남대길 272 (명숙안이읍),정희이김연립 L동 783호,031-990-7231,jeonghyio@example.net
김종수,18108,서울특별시 성동구 언주17가 486-9 (영희이김리),아름이타운 바동 139호,017-867-6585,lyun@example.net
홍영희,18663,경상남도 김포시 학동53로 859,진우이김아파트 가동 489호,042-700-4468,coeyeongja@example.org
홍영길,91090,인천광역시 중랑구 언주10길 174,지현허연립 V동 207호,043-055-9035,gyeongsu78@example.net
이성민,72598,인천광역시 서초구 개포거리 819 (지영이이면),상훈배윤연립 X동 399호,041-400-4036,syang@example.com
서영미,74176,부산광역시 도봉구 압구정길 591 (서윤이동),준혁김아파트 A동 153호,070-1356-0523,jaehoi@example.com
황미정,05811,대전광역시 성북구 양재천로 98,성호서아파트 H동 732호,019-905-4363,jeongsun10@example.com
홍주원,99834,서울특별시 송파구 가락157길 930 (경숙이동),옥자김김마을 847호,02-2467-5514,gyeongja35@example.org
오은정,81218,강원도 양주시 석촌호수거리 지하707,현지이연립,032-303-9730,yejicoe@example.net
손동현,02439,대구광역시 동구 영동대로 687,경희류연립,032-062-0150,gangdohyeon@example.net
강수빈,53554,대구광역시 종로구 테헤란86길 378-25,예지김김아파트 718호,011-893-4329,migyeonggim@example.net
조영미,48050,전라북도 광명시 역삼거리 542-77,미숙백마을 363호,011-826-4306,jiugim@example.com
서미숙,71450,울산광역시 구로구 잠실3길 861-25,정수류연립 390호,044-338-9616,jongsu21@example.net
이재현,41101,울산광역시 마포구 가락766길 지하200 (옥자김면),정남홍진연립,063-695-9855,seoyeonbag@example.org
김채원,97349,광주광역시 광진구 오금65가 143-20 (수민홍안면),준영이마을 406호,02-2654-3095,eunjeong59@example.org
김진우,25701,부산광역시 동대문구 서초중앙398로 407 (영진신동),서준안타운 B동 316호,033-539-6723,yeonghwangim@example.org
김도윤,93586,충청북도 화천군 삼성388가 453-97,주원이빌라,063-997-4220,gimjia@example.com
이종수,95449,광주광역시 용산구 오금거리 243-81 (주원지면),선영김이아파트 S동 913호,041-887-4678,ihwang@example.org
이중수,24677,광주광역시 도봉구 잠실길 648-39 (중수이오면),유진진최연립,043-444-0302,boram01@example.net
장순옥,31769,울산광역시 동구 서초중앙가 276 (춘자김면),선영송안빌라 001호,053-785-2569,sugjayun@example.com
백명숙,76876,대전광역시 관악구 양재천로 565,유진윤박아파트 013호,062-089-6027,ebag@example.com
김정호,46153,부산광역시 서구 논현721가 지하768 (지영박이리),영자이타워 11동 059호,070-7921-4797,junyeongcoe@example.net
이현주,60842,제주특별자치도 안성시 역삼474길 821-46,영진조마을 Q동 616호,041-289-6259,ujinmin@example.org
우상훈,56674,대전광역시 마포구 영동대길 867-22,현우이타워,053-813-5098,xi@example.net
최예은,99651,경상북도 영동군 백제고분거리 844-88,영자한빌라 Z동 968호,042-441-9180,ugim@example.org
윤서윤,54696,인천광역시 관악구 테헤란05로 623-2 (미영안동),지우이이아파트 991호,02-2706-1421,ijiu@example.org
손동현,96895,부산광역시 용산구 잠실9거리 801 (영순김이리),은정김허타운 667호,016-852-7896,ogsun44@example.net
이우진,66910,울산광역시 은평구 삼성29길 482 (서연김읍),성수이타워 619호,053-055-5250,isugja@example.net
허준혁,93425,대전광역시 영등포구 잠실거리 188,지혜김박타운,044-269-7711,cgim@example.net
주민재,65594,강원도 용인시 처인구 잠실길 85-96 (경자성동),정호이타워 378호,041-023-0415,junseo52@example.com
이준호,16965,전라북도 강릉시 서초대7로 334 (경자김면),영숙조타워 079호,070-9792-7687,hyeonjeong59@example.org
김성훈,80438,강원도 보은군 역삼가 지하377,영호이김연립 E동 755호,016-889-2351,misugeom@example.net
황영철,08062,전라북도 안양시 영동대로 249-78,준혁문마을 732호,070-3163-3042,jihye07@example.net
이아름,01232,대구광역시 강남구 언주로 847 (정훈윤배동),현준박빌라 K동 090호,054-985-8976,iminsu@example.org
이영호,61601,경상남도 고성군 가락로 932-32 (예진박읍),준서서연립 W동 491호,042-800-6045,sgim@example.net
박지민,11283,전라남도 하남시 논현507가 311,상철황정타워 B동 641호,055-306-1134,yeonghyii@example.com
김하윤,91320,대전광역시 금천구 오금442거리 710,지민오연립 698호,02-9875-4171,gimjeongnam@example.net
문하은,27610,전라남도 연천군 강남대길 지하199 (현준박이동),성수김타운 Z동 510호,053-668-0128,yeweon83@example.net
이지은,90277,대구광역시 동대문구 봉은사115거리 889 (도윤박읍),병철이박타운 R동 570호,053-926-1530,seoyeon68@example.org
김춘자,92061,세종특별자치시 성동구 양재천68길 602-6,지혜문타워 416호,041-071-3737,gojihun@example.net
최지훈,26561,제주특별자치도 서산시 석촌호수142로 500-19,영희김황타워 623호,041-217-9779,jongsu64@example.com
박정식,36107,대구광역시 관악구 봉은사043로 342 (재현고리),현주강아파트,017-900-7185,sryu@example.org
민옥순,63681,경상북도 서천군 영동대로 822-86 (은경이마을),승민이윤아파트 라동 051호,041-551-1281,kgim@example.net
이지훈,94976,부산광역시 서구 서초중앙954가 350,옥자이타워 E동 426호,02-2742-0453,gweonjeongnam@example.net
김지후,53617,울산광역시 동대문구 서초대0거리 286 (준영박마을),정웅손양빌라,051-467-5760,ogjao@example.org
김영일,44368,인천광역시 강남구 학동8길 626-36 (영미손김동),선영성타워 948호,063-242-3222,gyu@example.net
김승현,33740,충청북도 태백시 서초대655거리 589 (영철류읍),지원한타워 W동 290호,053-008-9857,yeji84@example.net
신우진,65224,경상북도 수원시 장안구 석촌호수거리 709-49 (서영고마을),성민이마을,031-875-1849,jgim@example.com
이상훈,48857,강원도 증평군 도산대가 799-96 (경자양노동),영일박마을 458호,063-803-6631,doyun54@example.net
송동현,91535,서울특별시 서초구 테헤란로 517-53 (민재서이읍),지연신아파트,031-054-8375,gyeongsuggim@example.org
최유진,68879,대전광역시 서초구 서초대0거리 625,시우장김타워 056호,017-442-6862,coeyejin@example.net
최보람,50005,대전광역시 송파구 반포대거리 224-26,아름이아파트,041-336-2548,seojungim@example.com
윤윤서,39827,대전광역시 강남구 오금365로 914 (경희권마을),윤서우김타운 600호,019-320-9205,hwangjeongnam@example.org
손영호,72673,전라북도 천안시 서북구 삼성3로 181-37,춘자문이마을 O동 207호,043-633-8378,ogim@example.net
안현지,97660,서울특별시 송파구 석촌호수가 687-94 (시우김리),지영윤아파트 226호,011-282-0083,hyejin23@example.org
박병철,65221,서울특별시 남구 석촌호수로 196,정숙장아파트,018-562-1579,cunjamun@example.com
이민수,07368,경기도 보령시 봉은사26가 지하300 (종수서윤읍),정웅이김타운 F동 908호,041-491-6029,boram09@example.com
김성수,95671,서울특별시 영등포구 테헤란길 660,지연이타운,016-045-5220,seungmingim@example.com
이미영,11265,전라북도 당진시 논현로 378-11,미경최연립,033-461-4257,simjeongsug@example.net
최옥자,33913,서울특별시 중구 석촌호수66길 658 (영숙박박면),민준김이빌라 849호,054-477-0209,sunogi@example.org
이예은,79556,경상남도 증평군 역삼786거리 734 (영철최권리),민수백이타운 390호,054-964-9261,yujin11@example.net
김영미,76092,서울특별시 관악구 개포182가 129,정수김마을 X동 940호,062-435-6884,obag@example.net
장정자,47759,충청남도 안산시 단원구 백제고분로 642,정수최연립,064-764-4698,igim@example.org
김하은,04314,광주광역시 동구 선릉78거리 726-26,민서권최빌라,032-876-1449,ji@example.net
김광수,17022,전라북도 철원군 개포가 769,승현윤양아파트 가동 296호,053-594-5585,sanghun25@example.com
김지영,06795,전라북도 청주시 흥덕구 압구정186가 지하201 (은경이류면),지연임오타운,019-265-5498,byeongceol72@example.net
심민지,00593,강원도 서천군 삼성10길 583-78,경수조빌라 821호,070-2213-4435,byang@example.net
이시우,56008,광주광역시 양천구 영동대65로 지하475 (윤서이이면),서연박마을,064-778-2410,jieun67@example.org
박정웅,51659,대구광역시 종로구 선릉길 458 (현정나읍),우진이빌라 K동 754호,031-988-1081,migyeong06@example.org
이현숙,62028,부산광역시 성동구 양재천309거리 지하81,민수최타워 R동 167호,064-777-3743,juweonmun@example.net
이정자,71793,서울특별시 광진구 서초대로 899-69,영숙장빌라 118호,044-071-4821,minseoan@example.org
남승민,68285,대구광역시 용산구 백제고분가 681 (순옥문마을),정숙심김아파트,052-428-1852,jgu@example.net
이지민,18981,전라북도 부여군 양재천가 지하450 (영식문읍),수진정타워 807호,02-9230-4853,minjuno@example.org
김우진,96939,대전광역시 서초구 봉은사972가 298,준영김김타운 925호,041-250-4447,jinuo@example.org
손현주,36479,강원도 안산시 단원구 석촌호수48로 지하545 (준서최이리),정희류김마을,044-818-0570,jeongunggang@example.org
김예은,59403,전라남도 제천시 테헤란가 346,지훈김김빌라 706호,063-986-6547,sbaeg@example.net
이지연,69181,전라남도 영동군 반포대거리 517-47 (도윤김마을),민석박연립,051-633-7960,sinsubin@example.org
김하은,61079,대전광역시 중랑구 역삼6거리 570,영철강연립 Q동 500호,044-515-8372,tgim@example.org
김은정,58688,대전광역시 구로구 잠실91로 지하499 (영호송동),건우안마을,070-0313-9269,miyeong28@example.net
윤성진,90690,강원도 부천시 오정구 역삼거리 768,서영김타운 G동 666호,054-174-2811,gimseojun@example.net
이옥순,66417,광주광역시 용산구 학동길 571,준호김오타워,042-016-2065,misug29@example.org
이채원,55519,충청북도 횡성군 양재천로 719 (성호김읍),현숙박타워 705호,053-061-2580,fheo@example.com
권영순,76129,서울특별시 서초구 서초대거리 183,명자김타워 858호,063-283-1863,jungsu28@example.org
엄현우,23359,전라북도 평창군 선릉길 350-4 (현정이마을),지원박김타운,064-764-1483,ogu@example.org
이순자,49506,대전광역시 성동구 역삼658길 66,은정권아파트 790동 218호,041-493-0756,vi@example.net
이경자,96868,충청남도 파주시 테헤란0로 295 (영미남면),은경김타워,051-797-7200,gimeunju@example.net
김혜진,21187,인천광역시 마포구 도산대6로 27,현숙조연립 583호,044-430-5614,go@example.org
손영희,66896,경기도 군포시 서초대249길 437,성진김마을 442호,053-140-8511,juweon74@example.org
김명숙,63064,경상남도 홍천군 잠실77거리 863-33 (영길한이마을),예준류아파트,016-771-0805,seonghyeon67@example.org
김서영,78920,서울특별시 종로구 개포거리 466 (유진김마을),윤서서김빌라,042-505-1302,jeongsunhong@example.org
박미경,25985,충청남도 파주시 서초대거리 733-36,현우윤박마을,010-0473-1723,yeongsun02@example.net
엄성수,73864,부산광역시 중구 도산대3거리 734-35 (주원김마을),지우김김빌라,052-673-3509,jiyeongyun@example.net
김도윤,55498,충청남도 포천시 영동대152길 314-73 (지훈윤박면),지영이타워 N동 083호,044-039-4901,hansubin@example.net
서민수,41244,울산광역시 강동구 개포490로 지하727 (경자김면),채원성김타워,051-492-6088,yeongjabaeg@example.com
이승현,65918,충청북도 부천시 서초대809로 897-81,지원박김타워 W동 684호,054-917-5069,yeji28@example.net
강성민,20544,제주특별자치도 양주시 영동대거리 448,민준조빌라 978호,062-411-8018,nbaeg@example.net
강승현,38982,부산광역시 은평구 삼성124길 865-62,지우최연립 290호,053-083-7048,zno@example.net
최미정,35270,부산광역시 용산구 반포대로 133,은영김빌라 099호,052-029-9206,seunghyeono@example.net
이성훈,27126,서울특별시 남구 봉은사길 지하202,건우이타워 O동 105호,018-274-7759,gimgwangsu@example.net
황영숙,06196,경상남도 광명시 압구정거리 945-33,현주이최빌라 P동 102호,042-123-1741,hayun87@example.com
김정웅,78038,경상북도 고양시 압구정6로 916-9 (지훈이이마을),정남김타워,053-806-9267,iminjae@example.com
서보람,21581,충청북도 고양시 덕양구 삼성로 지하93,현준김빌라 Q동 542호,043-051-3463,jiyeongim@example.net
김민수,34754,경상남도 성남시 수정구 학동로 482 (서연박최읍),영숙김타운 R동 542호,02-9658-5410,jgim@example.net
박정순,04095,광주광역시 마포구 봉은사로 453-98,현정하박마을 X동 136호,055-238-1377,qgang@example.org
최현준,58593,대구광역시 양천구 오금763길 915-98,보람김이마을 바동 619호,054-354-1380,haeun50@example.net
이성호,20787,서울특별시 중랑구 서초대가 115 (승민류동),명숙류박연립,041-242-0922,seonghyeon38@example.com
이지훈,53411,경기도 시흥시 역삼거리 137-94 (명자오면),시우한고아파트 898호,061-281-2533,yeonghyisim@example.org
김현지,14218,제주특별자치도 당진시 백제고분4거리 567-88 (도윤황동),현주권신연립 895호,019-533-6839,sanghoi@example.net
이상현,77225,전라북도 단양군 백제고분가 139,정식최조빌라 X동 692호,052-848-7655,munjunyeong@example.org
남진우,10624,경기도 가평군 논현41로 469 (유진김김동),민재백아파트 B동 557호,064-773-8379,gimhyeonji@example.org
김명자,94117,울산광역시 강동구 논현길 588-63,현주김박타운 D동 547호,031-525-7544,ceom@example.net
서도현,71304,세종특별자치시 은평구 테헤란1길 442-28,영식이박타운 나동 282호,064-794-4572,wo@example.org
김우진,73016,울산광역시 동작구 역삼가 지하683,미경이빌라,053-578-4756,coeeunji@example.com
성예지,06021,광주광역시 구로구 압구정6로 819,정웅김윤빌라 B동 480호,044-590-2212,yeeun64@example.org
박지우,32847,경상북도 광명시 강남대7가 720-15,정숙김이아파트,016-830-3217,bageunju@example.com
백미경,18838,대구광역시 중구 삼성가 316 (동현강이면),은주박타워,061-363-8979,li@example.com
박상훈,69470,경상북도 논산시 오금길 63,지아최하타운 N동 572호,062-861-9847,migyeong76@example.com
이정훈,25937,울산광역시 강서구 언주821로 559-74 (우진권동),상훈문이마을 504호,055-080-5215,jihun34@example.net
김영일,41460,경상남도 청양군 백제고분419거리 865-5,지아박김빌라 S동 174호,064-736-0812,sumini@example.org
박경자,27985,강원도 제천시 반포대거리 983,예지이강연립 N동 974호,033-705-2065,seoyeongceol@example.net
김경숙,10628,강원도 성남시 봉은사길 120,지후구마을 E동 166호,064-761-3676,baghyeonju@example.com
문서윤,30079,광주광역시 구로구 논현990거리 736-5,지혜김신아파트 A동 023호,061-807-0198,mgim@example.com
김은정,91284,세종특별자치시 금천구 학동로 809 (지연김동),민재김빌라 L동 935호,02-8603-2513,seoyeong38@example.net
박상현,82544,제주특별자치도 천안시 서북구 학동0길 152-7 (도현이읍),영자김김타워 640호,053-411-6829,songjia@example.com
장진우,79416,충청남도 횡성군 학동6로 592-16 (현준김엄면),명자이김타워 296호,064-712-7678,yi@example.com
권민서,45710,경기도 안양시 만안구 잠실가 116 (지현이동),혜진김이빌라 바동 893호,019-106-4391,yeongsuyun@example.org
김하은,20219,제주특별자치도 계룡시 강남대2거리 979-21,정순이문빌라,051-468-4111,gimseonyeong@example.org
김정수,48466,강원도 안성시 서초중앙518거리 130,승민이타워 360호,044-761-9016,nominsu@example.net
이영숙,83739,울산광역시 강남구 테헤란길 859,영순김김타운 827호,061-318-2737,coejaeho@example.com
허민서,05736,강원도 성남시 분당구 잠실3가 229,서연류연립 949호,063-510-8339,yeongceol87@example.org
안순자,64208,대구광역시 양천구 도산대985길 414-25 (채원류고면),정희권류빌라 432호,044-577-7913,fgim@example.org
박상현,53711,경기도 김포시 도산대2길 26-64,미숙김아파트,016-001-9641,bagsangceol@example.org
박민지,46826,대전광역시 남구 선릉401로 지하766,은지안타운,053-759-9850,qgang@example.org
이지혜,50615,대전광역시 용산구 반포대로 153 (승현김이리),정남김최아파트 778호,018-456-0277,seonghogim@example.org
최재호,02652,경상북도 청주시 서원구 오금8거리 971 (옥순최리),혜진이마을 245호,054-335-8715,jihungo@example.org
김영일,97099,전라남도 이천시 영동대87길 599-37 (지현류면),보람이김아파트 206호,063-174-4132,yeongjacoe@example.org
이민준,45113,세종특별자치시 양천구 백제고분거리 71,시우문연립,063-441-7484,gimminseog@example.net
백병철,02141,세종특별자치시 마포구 오금길 227 (정훈서동),은지김장마을 W동 264호,043-733-0225,yeeun30@example.com
김성민,50742,세종특별자치시 용산구 봉은사길 683,현준주연립 라동 694호,011-352-9114,gimjia@example.net
김지우,48398,강원도 괴산군 반포대거리 876,지혜박김아파트 L동 156호,043-202-6836,ujin46@example.com
장지원,26950,세종특별자치시 남구 봉은사길 952 (경희정동),정식홍차타운 428호,044-738-4789,gimjiyeon@example.com
강현우,78552,충청남도 단양군 잠실거리 887-27 (서현손김동),경수문김타운 P동 129호,070-3167-8351,gimdonghyeon@example.com
이도현,30022,광주광역시 관악구 백제고분0가 525-47,지현김마을,018-539-5979,ogsungim@example.org
박은영,14304,경상남도 부여군 언주22거리 지하473 (상훈김김리),성수김김타워 J동 294호,016-546-9916,yangseoyeong@example.net
유영숙,35457,강원도 광주시 선릉356가 773-80,아름김이마을 650호,033-997-9506,caeweonbag@example.net
장영철,57716,울산광역시 송파구 가락가 지하708 (경숙김조면),경자김김타운 308호,016-309-1427,ijongsu@example.com
이재호,44488,제주특별자치도 광주시 학동거리 97-85 (병철정김마을),옥순장장마을 129호,055-915-2257,ojihyeon@example.net
김영환,15102,전라남도 예산군 반포대9거리 611,지후김빌라 G동 640호,019-852-5659,tsin@example.net
박현우,47823,충청남도 서산시 오금236로 631,순옥이박빌라 A동 709호,011-994-7233,jungsu33@example.net
김영일,00210,경상북도 용인시 수지구 삼성508길 927,재호김아파트 G동 165호,055-954-0526,jbag@example.net
윤예은,69009,대구광역시 영등포구 학동521길 430 (현우김리),상철손빌라 I동 684호,033-338-0207,zi@example.com
노미정,14668,울산광역시 송파구 논현로 603-42 (승민이읍),현준김김타워 P동 544호,018-821-7477,yeongjabag@example.org
김서연,63523,강원도 이천시 압구정60거리 612 (도현최리),경숙이빌라,054-415-3436,minjae15@example.com
심정남,02638,광주광역시 동작구 봉은사0길 309-69 (진우오마을),은영김김빌라,044-819-0591,seoyunhan@example.net
진윤서,51635,경상남도 청양군 양재천65길 153,지현김아파트 346호,044-085-8594,hyejinan@example.com
안민준,40290,충청북도 증평군 오금거리 지하137,지후백김빌라 916호,063-942-1751,yeonghogim@example.com
김시우,07097,제주특별자치도 공주시 석촌호수가 181-19 (종수이마을),상철김연립,064-741-9711,jeongja51@example.com
하아름,17270,광주광역시 중랑구 삼성493길 64 (재호김박리),지은김강연립 C동 631호,055-726-7636,minseog89@example.org
손도현,21518,충청북도 오산시 잠실가 463-8 (영순김동),민지고아파트 406호,054-672-1984,keom@example.org
김수민,15215,세종특별자치시 서대문구 석촌호수0길 174-59 (정훈김마을),지후이이빌라,032-010-4872,baggyeonghyi@example.net
이아름,57068,인천광역시 은평구 봉은사58길 385 (혜진최읍),채원이최연립 661호,041-485-1664,junyeonggim@example.com
황성호,75278,광주광역시 영등포구 선릉길 지하465,상철김문아파트 W동 548호,064-701-5843,tcoe@example.com
최정순,70089,대전광역시 강동구 테헤란542길 719-18 (경자박김마을),영철김문타워,044-831-7203,jieun22@example.org
김숙자,20992,광주광역시 송파구 오금가 532 (성훈오김읍),정남송김마을,052-590-9552,jinui@example.org
배은서,95611,서울특별시 양천구 논현거리 87-39 (명자이리),옥자박이빌라 Q동 325호,042-907-4647,ibaeg@example.com
이유진,80794,경상북도 보은군 잠실476로 522,미숙김연립 724호,042-692-5967,eunyeong89@example.org
이하윤,37987,전라남도 고양시 압구정길 618 (성현민안마을),정수이연립 972호,064-749-6494,dryu@example.com
허성훈,04389,제주특별자치도 동해시 언주94로 147 (영숙박김리),예지손김연립 X동 226호,018-027-8547,juweongim@example.org
배지후,22047,충청북도 화성시 테헤란로 866,준영홍연립 K동 946호,044-137-1406,simjuweon@example.net
한영숙,72215,전라북도 원주시 서초대811로 73-36 (영식이권리),건우우오빌라 165호,032-104-7489,jeongnami@example.com
김동현,65237,광주광역시 성북구 논현320거리 261,지훈허타운 G동 232호,031-974-4297,idoyun@example.com
김시우,98171,충청북도 인제군 반포대길 847-19,은주이연립,064-729-1468,sanghyeonjang@example.com
김은지,73849,서울특별시 서초구 도산대3가 279-77,지후김타운,064-710-1202,gojeongung@example.net
이서연,00678,전라북도 원주시 언주904로 319-89,영식이강타워,051-301-2374,minjii@example.com
김순옥,80775,울산광역시 관악구 오금거리 274-18 (건우김마을),성수박빌라 391호,062-147-1849,gyeongja03@example.com
홍순자,38145,경상남도 고양시 반포대46로 993-31 (도윤고읍),지혜안타운 P동 548호,063-419-7375,minji30@example.net
이은주,43626,서울특별시 중랑구 선릉86길 40 (도윤한주동),서영이권타운 바동 493호,02-3747-0591,yeonghyi10@example.com
최정호,64466,전라북도 오산시 역삼길 7,춘자김아파트,02-8421-8329,bagjeongnam@example.net
윤영수,50572,경기도 증평군 서초중앙3거리 660,성민한마을 A동 708호,018-078-8338,mbag@example.com
김지은,62908,세종특별자치시 강서구 서초중앙길 559,경숙이김연립 바동 167호,016-271-1007,yeongceol89@example.net
이혜진,06045,제주특별자치도 양주시 영동대9가 870-38 (준서김면),수민이이타워 P동 083호,062-934-5141,minsui@example.org
백서영,98476,울산광역시 서대문구 잠실2길 208-58 (정순이마을),민서박김타워,041-669-0564,ti@example.com
김정숙,98422,인천광역시 성북구 서초대로 478,지혜김마을 바동 417호,064-707-6020,bagmyeongja@example.net
백예원,63066,경상남도 청양군 서초대6길 30-93 (하은윤김마을),정웅김이타운,017-979-0259,minseo53@example.com
오현주,07596,전라남도 수원시 장안구 언주로 56,민지이타워 249호,061-440-0668,seongsu04@example.org
김성민,87148,전라남도 청주시 상당구 테헤란가 225-93,영수나타워 L동 518호,033-686-6089,eunseo87@example.net
이정숙,45004,서울특별시 노원구 가락거리 지하962,민재김김빌라,02-8429-3563,ui@example.org
박은주,17353,제주특별자치도 홍성군 서초대55가 지하796 (옥자최리),은영김타워 486호,070-6084-1593,yeonggil33@example.com
차도현,95616,경기도 강릉시 선릉05가 907-43 (성훈이임동),지혜김타운 U동 349호,019-241-3929,ggwag@example.net
고승민,55744,전라북도 포천시 잠실2로 616-57 (예진이손면),민재구연립 T동 433호,019-485-3432,sanghoyun@example.net
김영철,18386,충청북도 가평군 논현5거리 732 (정호최김읍),정남윤아파트 085호,033-956-8317,coejaehyeon@example.net
백성진,86715,경기도 원주시 백제고분거리 809,상현김배타운,043-159-0928,eunseogim@example.org
한지혜,49651,강원도 수원시 권선구 테헤란거리 8 (서연김면),윤서김마을,018-242-2492,jihu58@example.com
강정남,35753,경상남도 수원시 팔달구 반포대로 605-87,정호김타워,02-5405-6664,haeun36@example.net
이종수,50395,인천광역시 중구 삼성754로 257 (영길서최면),민재최마을 988호,043-744-7078,yeonghyi68@example.net
양유진,02066,경기도 청주시 청원구 역삼830길 877-44 (민수박면),현지윤김아파트,042-061-9498,bagjinu@example.org
양순옥,37945,대전광역시 북구 영동대77거리 102-62,지훈안빌라 마동 862호,016-154-0944,boram30@example.org
우상훈,61427,대전광역시 중구 백제고분64가 745 (지훈엄권마을),도윤이타운 429호,031-764-8102,gimgyeongja@example.com
김정훈,82702,제주특별자치도 영동군 언주가 지하926 (민수이동),유진한고타운,062-210-6918,bagjeonghun@example.org
임영순,67218,강원도 천안시 동남구 압구정053로 844,영철윤이연립 489호,011-736-2723,myeongja47@example.com
차은지,97433,부산광역시 종로구 학동44가 408 (지우이김마을),하은강빌라,070-4168-2628,coehaeun@example.net
박선영,63438,광주광역시 영등포구 봉은사90가 415-78 (숙자이조면),은지송안마을 742호,032-872-5151,mcoe@example.net
김상철,62003,인천광역시 서구 압구정474가 142 (정식이읍),지훈박안타운,033-982-6678,caeweon16@example.com
이예준,70490,경상북도 제천시 논현6로 339,수진이오빌라 381호,041-752-7419,imyeongja@example.com
정동현,68193,충청북도 옥천군 서초대길 24 (영진이박마을),미숙이연립,064-715-0038,wbag@example.org
서병철,55629,대구광역시 강북구 잠실길 308 (성진김윤리),영수이문타워 R동 003호,016-710-2599,yunminseo@example.org
김성민,70740,충청북도 청주시 청원구 역삼53로 513-77,승민이이아파트 P동 249호,02-0597-1770,coeujin@example.com
이재호,61292,경기도 양평군 테헤란687거리 334,서윤황김빌라 B동 539호,070-6120-7396,sanghyeonsim@example.com
이서윤,43012,경기도 여주시 잠실16거리 744 (동현김리),성수엄김아파트 204호,031-908-5832,junhyeog11@example.com
한영식,89083,경기도 음성군 서초대79가 709 (성수김최리),미영안김아파트 I동 545호,017-855-3915,munareum@example.net
이영자,06060,대전광역시 광진구 오금256거리 254-56,영일송타워 Q동 030호,011-986-8978,jeongsun42@example.org
김순옥,41844,서울특별시 종로구 영동대780로 지하402 (서준김나면),수빈송박타워 551호,031-355-5302,hgang@example.net
김성수,93517,광주광역시 서초구 잠실가 901-50 (영희이읍),예지이이타워 384호,051-758-5252,zyun@example.com
최정희,09095,경상북도 계룡시 서초대4길 69,진호우박타운,010-6861-4730,minseo93@example.com
이성호,14221,인천광역시 중랑구 압구정477거리 703-81 (현준황박읍),춘자신연립 131호,052-871-3791,sson@example.com
이성수,86839,부산광역시 동구 선릉393길 160-29,우진김이연립,010-1811-2848,bagjiyeong@example.org
송건우,80816,경기도 가평군 가락로 71,상철고마을,033-464-4759,iseoyeon@example.com
한서연,86999,충청북도 의정부시 역삼거리 771 (재현최면),하은서타운 마동 188호,052-353-1015,ngim@example.net
한은주,63605,경상남도 고양시 일산서구 언주길 333-23 (현주이김동),수진김타운 210호,063-625-8178,simgeonu@example.com
이영수,62516,전라남도 용인시 처인구 압구정7가 421-83,중수김빌라,042-113-3854,yeongsig60@example.org
이경수,26916,전라남도 증평군 학동길 516,영길김빌라 M동 934호,016-748-6669,kgweon@example.net
박보람,99186,제주특별자치도 논산시 반포대로 455,영수최김연립 다동 566호,070-4561-4402,bjo@example.org
김정식,67820,경기도 수원시 영통구 봉은사021거리 552,준서이김아파트 720호,043-063-8050,sunog09@example.org
강정웅,10656,강원도 공주시 테헤란로 388-88 (현우황읍),보람김연립 H동 440호,011-989-5093,yryu@example.com
박정희,89099,광주광역시 광진구 반포대16가 63-43 (진우정면),우진강이타운 I동 543호,042-795-7322,ihyeonu@example.net
김옥자,21839,충청남도 천안시 서북구 영동대로 774 (성수허장동),옥순한타운,064-791-0286,dgim@example.net
백성호,89051,광주광역시 남구 강남대가 66,현지이타운,010-7376-4065,yunjiyeong@example.org
김영철,35272,대전광역시 도봉구 백제고분로 404-80,지연윤타운 G동 841호,041-030-4991,ci@example.net
장예준,70336,부산광역시 영등포구 영동대15가 133-10 (영환이권면),순자이송타운 993호,041-711-3383,yeonghwancoe@example.org
고우진,34147,울산광역시 남구 서초중앙38가 440 (정수김곽마을),성훈박송아파트 L동 608호,032-700-1970,eungyeongi@example.com
박서영,90627,서울특별시 강북구 양재천거리 762-59 (지현이마을),은정박마을 A동 790호,016-811-3558,nayeonggil@example.org
김예진,31631,강원도 하남시 반포대48가 498-49,우진이이빌라,070-9473-6356,syun@example.net
박민서,51599,인천광역시 마포구 개포로 57 (은정박리),재현차김타워 773호,055-187-6542,yeongilryu@example.org
권현숙,16326,경기도 오산시 양재천25길 274,민준고하마을 T동 707호,042-053-1233,xi@example.net
최순자,04376,부산광역시 종로구 오금84길 425 (지연하면),영숙김강연립 Z동 859호,051-651-7897,ihyeonju@example.net
김도윤,53035,경기도 논산시 영동대로 419 (재현박이읍),수빈곽연립 H동 623호,010-7042-5879,junho94@example.com
이경수,36584,서울특별시 도봉구 서초대가 608 (영진허동),순자김김빌라 U동 143호,055-198-3962,minseo26@example.org
최진호,10157,부산광역시 금천구 백제고분가 29,영철백타운 H동 106호,070-3443-3926,iyujin@example.com
박건우,79716,충청북도 안성시 가락로 245-63,정남정빌라 457호,055-062-0647,jangeunjeong@example.org
김선영,88781,대전광역시 성동구 석촌호수길 632-3,성호김윤타운,033-990-9579,seohyeon22@example.net
김민수,79018,강원도 보은군 삼성길 678,성현이양마을 528호,032-289-8723,xgim@example.org
황민수,01611,대전광역시 남구 영동대859로 323,성호최김빌라 Q동 656호,043-190-4909,doyun07@example.org
고미경,38343,강원도 단양군 압구정거리 437-91,경수윤박빌라 602호,043-190-3782,jiu53@example.com
김영철,68495,인천광역시 용산구 삼성95거리 84-2,정수양아파트 977호,033-957-8595,bagyejin@example.com
최상현,15576,전라북도 태안군 봉은사7로 845-12 (미영윤한리),은지박마을,031-042-0561,jieunseo@example.com
박상훈,35231,광주광역시 중구 오금가 343-20 (지영전리),춘자최연립,070-8602-1376,eo@example.net
박병철,39963,인천광역시 서대문구 잠실544가 414,서영서이연립,010-6777-1362,eunju56@example.net
문예은,23546,강원도 서천군 백제고분21로 221 (경숙최동),영일김박빌라 018호,02-4632-5345,jiminryu@example.net
허영순,19025,전라북도 여주시 잠실거리 932-2 (명숙김면),준호서타워 138호,043-923-8052,gryu@example.net
최지현,68514,강원도 괴산군 논현93거리 24,선영이마을,055-668-7465,seonghyeonju@example.net
김민지,96753,서울특별시 동구 삼성1로 929-56,재호김마을 나동 501호,031-011-8552,yeonggilgim@example.com
주시우,12389,대구광역시 남구 석촌호수994길 672 (현지서이마을),성민강김타워 002호,033-708-5075,yeonghwani@example.com
박정수,92416,부산광역시 북구 도산대302거리 154 (은정신면),서윤김연립 411호,054-980-9147,sgim@example.com
윤미숙,36120,대구광역시 서초구 역삼3길 194-99,현주김김아파트 810호,02-0103-7055,seohyeonjo@example.net
권진우,48671,충청남도 오산시 영동대6거리 98 (은경윤남리),현숙박김타운 176호,017-453-2131,vgim@example.org
진도현,14367,부산광역시 양천구 테헤란94거리 396,정호오타워,064-790-4303,pgo@example.net
민준서,02470,경상북도 고양시 덕양구 개포가 271 (서준최이마을),진호황아파트,017-543-4093,haneungyeong@example.org
김성현,94026,울산광역시 강서구 선릉9로 662-57 (현정이면),은정김마을 바동 418호,043-792-2258,iminjae@example.net
배지훈,18084,경상북도 화성시 서초중앙0길 909,경수김김타워,032-623-2765,munmyeongsug@example.org
한준서,69304,광주광역시 동구 영동대로 910-4,정웅최연립,063-256-7535,minjaegang@example.net
허아름,77239,강원도 양구군 테헤란7가 179,수진최최타워 L동 772호,053-295-4010,coesugja@example.com
이민석,23551,전라남도 안양시 동안구 삼성로 880,정순김연립 T동 545호,011-373-5111,cgim@example.com
박영철,19470,대구광역시 양천구 언주48거리 지하59,진우남연립,033-738-8392,rgim@example.net
류민지,75427,전라북도 용인시 수지구 역삼6로 780-24,미영오김타운 Z동 852호,032-691-8628,guyunseo@example.net
박재현,72588,울산광역시 금천구 반포대길 429-31 (예은김읍),상철송김마을,011-237-2570,sangceol18@example.net
김현준,44558,전라남도 서산시 반포대50길 680 (승현이동),수진이최마을,062-702-8712,hyeonjuson@example.com
강영일,87736,부산광역시 동구 테헤란가 680 (상훈이동),정호오연립 512호,017-046-7402,gwangsu27@example.com
차정순,32386,인천광역시 영등포구 강남대962길 916 (민석류박마을),성수박이타운,010-6920-9318,coejeongung@example.com
이영식,28947,울산광역시 중구 언주거리 585,경자김손빌라,062-199-5180,yeongsuni@example.org
박미정,93521,충청북도 양양군 테헤란길 129-66 (경희윤김마을),정숙송최아파트 D동 688호,052-053-7424,donghyeon25@example.com
이영식,32217,광주광역시 성동구 강남대07거리 874-16 (진우강마을),상훈안이타운 760호,043-818-6566,ri@example.org
윤준영,62186,대전광역시 강남구 도산대62거리 333,중수박이연립 S동 501호,062-262-7545,coesunog@example.org
김영환,89146,서울특별시 종로구 서초중앙1거리 120 (옥자박김동),영일고타워 K동 294호,016-233-1662,xgim@example.com
김현준,13515,전라남도 원주시 서초중앙320거리 995-65 (영철안최면),중수김타워 786호,063-807-8107,mijeongjang@example.net
송성훈,86929,서울특별시 강서구 역삼거리 456-65,영순이타운 423호,055-860-7254,hyeonu03@example.com
이미경,63056,전라남도 수원시 장안구 개포거리 491,서연김조연립 324호,041-154-5631,seoseonghyeon@example.com
주진우,03604,경상북도 용인시 백제고분길 535-59,정수양마을,070-3704-6981,minsu32@example.com
권정수,10521,대구광역시 구로구 압구정9로 370-68 (성호이읍),건우김타운 630호,051-487-1182,seojunyun@example.net
조서연,54438,대전광역시 종로구 백제고분140가 306-43,정숙안마을 T동 031호,063-872-7067,jiweon11@example.com
박혜진,00323,경기도 고양시 일산서구 논현가 150,서윤김연립 A동 344호,054-535-1149,gangogja@example.com
박종수,53441,광주광역시 서초구 양재천615가 400-92 (민서윤동),정웅손타운 L동 121호,018-564-9021,kgim@example.net
최재현,78615,울산광역시 관악구 삼성499가 235 (은지고리),정희최김빌라,033-806-0686,eunji72@example.org
정시우,68724,부산광역시 관악구 강남대거리 900-98,상현우타워 Z동 954호,062-542-1971,icoe@example.net
박중수,99686,인천광역시 서초구 양재천7가 717 (민석김이마을),서현최빌라 X동 187호,019-552-4509,jinusim@example.com
이채원,13338,울산광역시 용산구 압구정90길 833-22 (현우윤백마을),정순권타워 N동 183호,041-117-2910,isujin@example.net
손예은,27342,세종특별자치시 강서구 테헤란16로 646 (하윤김강읍),서연문김아파트 865호,031-224-8650,kjin@example.org
이정남,00230,경상북도 성남시 중원구 학동거리 516 (성민남면),준영김최아파트,042-359-1562,yeongsu24@example.net
오상현,35173,인천광역시 서대문구 양재천924로 818 (영진김이읍),현준신김타워 740호,061-951-1850,abae@example.net
박주원,40843,부산광역시 마포구 가락63길 269,현지주타운 P동 500호,062-103-1600,myeongjasong@example.com
김은정,09144,세종특별자치시 서초구 양재천로 703-52,은정이타운 U동 191호,052-539-8241,gwagjaeho@example.net
이영희,88881,경기도 안성시 서초대가 366 (경자배마을),채원류장연립 017호,031-872-0661,yeongsigcoe@example.com
류성민,21656,대구광역시 강북구 양재천길 900-12 (건우최고마을),미영강송연립 V동 445호,019-802-8132,mijeong68@example.com
김종수,44696,대전광역시 동구 학동길 924-43 (상훈허이읍),미경김타운 889호,032-573-1961,pgim@example.com
윤지후,90081,대구광역시 송파구 서초중앙거리 700-52 (민지신마을),민서김타워 다동 263호,019-065-6837,jeongsug14@example.com
강서준,67495,서울특별시 용산구 언주133가 653 (미숙김배읍),지혜김윤타워 797호,064-706-8081,gimjaeho@example.net
문지은,15375,경상북도 양평군 압구정2가 지하539 (정호권이마을),성현송박빌라 588호,019-124-6799,byeongceoljin@example.net
이하은,60609,서울특별시 양천구 논현길 707-59 (성수이박동),상훈김이아파트 J동 416호,070-2185-2926,gimseongmin@example.org
남병철,75420,제주특별자치도 화성시 오금8로 49-63,은지최한타워 Z동 537호,017-184-9184,qgim@example.org
성영철,32993,인천광역시 강동구 영동대3로 606,은영김박빌라,033-523-7377,hongogsun@example.net
노정남,87216,부산광역시 구로구 가락54거리 804-38,현준배타운,053-597-2609,yeongho42@example.net
김지아,51201,전라북도 고양시 일산동구 도산대거리 218-9 (민재유동),정숙고유연립 K동 941호,042-179-8584,minseoghong@example.net
박성수,27146,인천광역시 강남구 잠실길 359-52,광수김타워 568호,044-189-7358,gimeunju@example.org
김수빈,06344,대전광역시 중랑구 논현978가 683-76,영호김김연립,031-379-0258,guboram@example.net
성성진,82715,전라남도 정선군 양재천21길 456-72,은지김박빌라 700호,019-525-4314,jeongsu05@example.com
이영식,01878,광주광역시 중랑구 테헤란95로 219,승현이빌라 002호,053-490-8264,yeonggil03@example.com
김영희,81970,인천광역시 송파구 양재천89길 527 (경자김동),순자오이타운,061-602-3685,gyeongja75@example.com
손상호,47385,울산광역시 금천구 강남대가 141,재호김타워,018-528-0259,gcoe@example.org
이수진,82893,부산광역시 강서구 압구정046가 지하726 (서윤하동),영환홍연립 355호,052-748-9076,oi@example.net
최하은,21827,충청남도 군포시 잠실가 206 (민서김동),지혜이김연립 908호,019-083-9238,jinugim@example.net
윤지우,94367,경상북도 홍성군 역삼로 160 (광수문리),광수김김연립 T동 582호,018-922-2277,yeongceol09@example.org
노영환,56318,강원도 고양시 반포대1길 828-74 (유진김리),성수김타운 982호,055-279-0208,lgang@example.org
한윤서,39848,인천광역시 강서구 서초대길 305,준영이타워,011-496-8410,yejin86@example.com
이상현,99907,제주특별자치도 성남시 테헤란로 5 (병철한리),현숙김고마을,019-460-5232,hsong@example.com
윤은지,74976,대전광역시 광진구 개포로 지하581,시우양타워,055-287-8053,hayun97@example.net
차영길,33951,강원도 청주시 흥덕구 테헤란8거리 785-93,상훈김박연립 252호,010-5559-4409,ugim@example.org
김시우,74701,경상북도 평창군 역삼8길 541-99,민지최타운,033-792-3434,yeweoni@example.org
김선영,62559,충청북도 양주시 석촌호수길 14-21 (서현송강리),은지김최타워 다동 333호,042-168-2626,qryu@example.com
김정남,44116,대구광역시 광진구 선릉거리 207-48 (순옥안면),채원홍문빌라 J동 489호,018-013-7922,yunseo52@example.com
김영길,00588,경상북도 영동군 도산대1로 928-5 (서영이면),서현류최마을 I동 184호,018-158-1147,gimgwangsu@example.net
홍영일,03018,경기도 화성시 테헤란길 446-87 (영철최면),영길이남타운 575호,017-058-4264,areumseo@example.com
김미영,90875,인천광역시 영등포구 역삼거리 872,서준김빌라,010-4569-1984,bagjimin@example.com
김순옥,47046,충청북도 파주시 서초대길 37 (민서김면),영수김타운 578호,054-114-8299,njeon@example.net
김영희,94440,경상남도 용인시 수지구 잠실159거리 815-75 (혜진김고마을),서준최타워 339호,062-126-9152,ujinsong@example.com
강서연,29728,경기도 안양시 양재천962거리 954-28,도윤서김마을,053-771-5071,siuha@example.com
김은경,53581,대전광역시 송파구 서초중앙827길 141,경수이김타운 가동 426호,051-140-4792,pi@example.com
박건우,74454,충청북도 파주시 역삼거리 407-45,현정김이타운 H동 707호,070-4509-6487,gosiu@example.net
김은지,45583,전라남도 수원시 장안구 가락57가 756-85 (정희권박마을),채원권곽타워,054-977-2601,seonghun25@example.net
김지연,42444,전라북도 구리시 도산대0로 331-85 (예준이김마을),옥자최아파트,011-932-7109,gimjimin@example.net
정춘자,71885,부산광역시 서구 서초중앙길 150,지민김빌라,02-4030-6815,yeongsig49@example.org
박준혁,68842,경상북도 부여군 반포대350거리 503 (지혜서리),지은문배아파트 P동 226호,042-694-9981,jaehyeoni@example.net
홍정남,17424,전라북도 증평군 영동대24가 164 (지연차마을),민재김아파트,063-670-1481,hyeonjeong99@example.com
조영일,35434,세종특별자치시 서초구 석촌호수783로 953 (순자윤양면),미경허김연립,044-107-8682,cseo@example.org
황현우,63376,강원도 수원시 개포3가 219-48,지은강김아파트,052-851-5518,cgim@example.net
김채원,48403,세종특별자치시 중구 선릉거리 877 (서준박동),정남김빌라 590호,011-482-4882,minjuni@example.com
안미경,68850,서울특별시 양천구 서초대5거리 지하207 (하윤이진마을),지아남연립,041-245-7113,gweonjeongnam@example.net
하영식,25849,제주특별자치도 청주시 청원구 봉은사00길 442-43 (채원장강마을),영환김마을,019-217-5914,bagjimin@example.net
김성호,58635,인천광역시 남구 압구정가 946,정웅한이마을 N동 713호,064-737-9521,gangyeongho@example.com
이중수,27276,경상남도 용인시 수지구 압구정로 471-7 (민준백권읍),순자송연립,053-805-7154,sumin33@example.org
박지원,33725,광주광역시 북구 논현길 195 (영호윤장리),준서김빌라 D동 440호,064-783-1688,yeongsungim@example.net
이영진,52457,대구광역시 강남구 석촌호수길 498,아름박문아파트 961호,055-670-7899,jbag@example.net
권은서,20544,전라북도 성남시 중원구 서초대3길 961,지은김아파트 789호,061-121-8952,fseong@example.com
최지후,47361,전라남도 청주시 서원구 반포대길 306-87 (정남박이리),지혜이연립 854호,017-793-5816,juyeongjin@example.com
최상호,28204,충청남도 고성군 반포대길 691,영숙박연립 398호,053-729-6413,seonghobag@example.com
송지현,38689,제주특별자치도 안산시 상록구 언주로 889,서연김연립 125호,033-256-0321,lbag@example.org
김민재,49222,전라북도 용인시 도산대922거리 지하712,상훈김타운 570호,063-913-0742,gimsanghun@example.net
정현주,53166,대전광역시 동구 삼성998로 671,정희김노빌라 B동 114호,051-625-4536,idohyeon@example.net
박정웅,19442,대전광역시 노원구 강남대거리 621-15,지혜양백아파트 B동 504호,055-790-8163,yeongjingim@example.com
노숙자,97144,대전광역시 관악구 도산대26로 644-64,성훈손김빌라 570호,044-941-2197,qbag@example.org
이수빈,68198,세종특별자치시 성동구 잠실길 68-22 (은주강남면),아름박타운,053-721-0338,mgim@example.org
류옥순,68325,인천광역시 남구 선릉거리 170-22,예은박마을 401호,052-932-8034,anyeongsun@example.net
윤현준,96597,부산광역시 종로구 도산대가 503 (영미강마을),상현김빌라,062-575-4972,yunseo72@example.net
김상현,95248,전라북도 안산시 상록구 반포대가 333-13,성수이빌라 133호,063-412-2364,ryujinu@example.com
안옥자,56617,충청북도 수원시 영통구 백제고분길 지하562,성현김최아파트 195호,053-558-9681,pjang@example.com
오우진,98713,경상북도 괴산군 선릉거리 849,민석이아파트 738호,061-433-7930,cunjagim@example.org
김은경,16874,대전광역시 중랑구 개포2가 788-98,미경주아파트 D동 689호,016-148-2161,jcoe@example.org
김윤서,70915,전라북도 여주시 삼성906가 683 (옥순허김면),영순권빌라 마동 155호,044-116-8725,sumin18@example.net
김지원,78660,서울특별시 중랑구 석촌호수4거리 925-26,정호김빌라,016-335-7072,hyeonjii@example.org
김민지,67372,강원도 청주시 서원구 서초중앙253길 907 (지민김김동),상훈김타운 113호,042-146-9936,jeonghungim@example.net
김명자,82471,제주특별자치도 의정부시 강남대380로 772-7 (동현김백동),영철남박타운,041-006-2027,minjibag@example.org
김혜진,90582,제주특별자치도 부천시 원미구 개포가 73 (윤서장김마을),정희박타워,041-840-9974,bagjeongsu@example.net
이수진,43722,경상북도 철원군 도산대692거리 440,영철조연립,041-234-3834,eunseo24@example.net
김중수,05970,충청남도 강릉시 역삼길 673-16 (도현박문마을),영수박타운 Z동 277호,018-220-7361,imcaeweon@example.net
홍서윤,85854,대전광역시 중구 영동대937거리 165 (미숙최김마을),지아김서아파트 다동 754호,017-337-0752,seongjeongsig@example.com
이경수,52054,세종특별자치시 강남구 석촌호수가 503-20 (예은김마을),현숙박안마을 H동 387호,010-8646-5720,rgim@example.com
홍영숙,27904,서울특별시 동작구 석촌호수5가 24-50,서준강빌라 I동 477호,064-738-8513,gyeongsuggim@example.net
서정수,25226,경기도 음성군 석촌호수거리 970 (수빈이마을),준영이김마을 345호,053-679-7941,gimseoyeong@example.com
정옥순,60399,경기도 금산군 양재천거리 932-30,채원곽타워,033-143-0344,gyeongja48@example.com
고영길,35221,부산광역시 중구 학동193로 358 (영자주이면),준혁박마을 라동 695호,019-686-9653,ibag@example.net
문수진,86325,대전광역시 동대문구 테헤란815로 411-99,민지정아파트 303호,017-301-8734,ijeongsig@example.com
김준영,56124,광주광역시 구로구 언주로 929,준서김김아파트,070-7456-8106,sgim@example.net
허서윤,61770,강원도 강릉시 선릉길 735,수민양타워,043-768-6166,fi@example.com
김영호,67895,강원도 부천시 소사구 학동길 357 (준혁허심마을),동현송김마을,064-710-0865,jnam@example.org
최민석,35009,서울특별시 서대문구 도산대023로 508,지연홍김아파트,010-5729-1633,jiyeongbag@example.com
김미정,81963,전라남도 양평군 삼성길 603 (현우지박리),상현김마을 H동 518호,010-0294-3241,jaehyeonyang@example.net
김민지,70723,전라북도 부여군 서초대길 256,명자김박마을,051-694-6411,xi@example.com
오현정,76873,부산광역시 마포구 학동0가 333-70 (예은안박읍),종수오김빌라,033-012-7618,honghyeonju@example.net
이서영,21568,전라북도 용인시 기흥구 반포대길 320,수민김타운 694호,033-272-3880,ogyeongsug@example.org
최영식,62822,광주광역시 동대문구 석촌호수974길 564 (정희윤홍동),현준하타워 C동 893호,062-948-2743,bi@example.com
김수빈,62950,세종특별자치시 동작구 잠실길 180,영희이마을 V동 043호,053-863-9606,yeongjin01@example.org
홍경희,23325,인천광역시 서구 압구정0길 440 (춘자이김읍),정수김마을,052-575-6255,qi@example.org
이진우,30369,제주특별자치도 충주시 개포9거리 154 (현숙박마을),미정김남타운 X동 923호,070-1248-4549,minseogim@example.com
박미숙,12798,울산광역시 서대문구 가락길 지하911,영희김이빌라 R동 043호,051-668-7523,ryujeongsun@example.com
이아름,08731,경기도 의왕시 석촌호수450로 374-46 (현주안김면),숙자손아파트 다동 784호,043-516-1939,nryu@example.com
김지원,69272,경상북도 안양시 만안구 도산대가 626,은영조마을 517호,070-4323-5191,caeweonhan@example.com
고준호,37137,경기도 옥천군 압구정209가 217-71 (예준곽박리),수민김타워 라동 519호,011-110-0459,wgim@example.com
이진호,44044,인천광역시 은평구 반포대길 18 (민석김장면),성민이김타운 100호,063-598-4346,siui@example.net
박상호,94362,충청남도 부천시 봉은사가 132,성호배연립 902호,031-534-7331,bagseunghyeon@example.net
김은서,18676,서울특별시 중구 석촌호수9로 779-47,혜진송빌라 916호,018-594-6852,gyun@example.org
안수민,07694,경기도 괴산군 반포대거리 996,지민박타워,042-218-7701,ohong@example.com
남경수,43473,서울특별시 마포구 압구정가 19-56 (은주주면),순옥고손아파트,070-8189-3267,osangho@example.org
최주원,45108,강원도 안양시 만안구 언주가 233 (승민이면),준서김연립,062-058-3481,seoyunbag@example.com
김수빈,82682,충청남도 청주시 청원구 논현로 338-99,민수김타워 E동 447호,041-233-7893,yeongho14@example.com
최정남,08448,경상북도 군포시 역삼가 725 (지훈김박리),준영이이연립 바동 653호,055-557-5327,seongho19@example.com
김정순,39215,서울특별시 서구 개포거리 674 (중수박김동),시우윤타워 362호,053-992-6678,cajeonghun@example.com
김성호,55452,경상북도 당진시 테헤란로 899,예준이빌라 789호,052-396-7860,gimyeonghyi@example.com
김광수,52131,전라남도 음성군 도산대가 862 (진호차장면),지영안타운 852호,062-157-7668,seoyeon36@example.net
강경희,85550,경상남도 논산시 영동대가 251,지영이타워,055-983-4369,ijeonghun@example.org
전미숙,66605,제주특별자치도 청주시 상당구 테헤란780거리 806 (혜진임면),경희김박연립 나동 511호,031-297-6795,useo@example.net
이준영,54866,대전광역시 도봉구 서초중앙2로 272,지후배김마을,055-328-9979,bagjunhyeog@example.org
안정훈,70959,대전광역시 남구 논현89로 141,명자김박타워 204호,031-377-2147,yeongja29@example.net
김은영,38432,대구광역시 북구 양재천53길 120 (은서박면),정수이빌라 653호,052-243-8182,yunseonghun@example.com
박보람,58848,경기도 천안시 서북구 오금길 52,상현이권연립 348호,018-410-6432,boramgweon@example.net
박서현,59045,부산광역시 서초구 역삼0로 786 (준서양김동),은서이이타워,02-7208-7435,hyeonjeongu@example.com
김은정,22590,전라남도 성남시 수정구 삼성305거리 789-97,숙자박이타운,061-344-3269,rgim@example.com
류정수,63721,광주광역시 서구 역삼450길 962-95,영일이김아파트,064-776-4629,boramsong@example.com
권상호,77772,울산광역시 송파구 삼성거리 424,민수이타워,044-557-3714,yeonghwangim@example.com
장영호,67897,대구광역시 송파구 테헤란2거리 235 (재호박허동),영순남나마을 470호,042-691-2629,gimseohyeon@example.org
김혜진,16453,울산광역시 서대문구 언주1길 606-7,성현곽마을 363호,070-0617-2615,wgim@example.com
김수빈,16874,세종특별자치시 양천구 테헤란거리 지하892 (지후김동),숙자이마을 371호,055-094-8598,igim@example.com
우정호,19237,경상북도 남양주시 강남대로 848 (정호송이마을),하윤오아파트 다동 037호,063-320-8830,gimgeonu@example.com
김진우,77922,인천광역시 관악구 삼성거리 111-70 (예원최동),정식김황타워 172호,064-750-7265,baggyeongsu@example.net
홍재현,50975,울산광역시 금천구 역삼69거리 352,하은이아파트 562호,051-358-7877,yeongsuo@example.org
박우진,00914,제주특별자치도 화성시 강남대로 473-91,정호박이타운 H동 792호,017-927-9142,junhyeog19@example.net
최영자,42740,울산광역시 송파구 봉은사거리 778-42 (경희윤리),정남박아파트 639호,041-284-8023,lo@example.org
강옥자,92610,세종특별자치시 강남구 압구정로 300-11,재현김아파트 513호,052-958-7846,eunseoyang@example.net
문정희,26998,경상북도 영동군 선릉6로 945-9 (지후류마을),지후윤백빌라 271호,016-239-0577,oo@example.net
김지현,85557,경상남도 양주시 역삼가 234 (진호김읍),혜진이타워 958호,032-230-5029,jungsui@example.net
류민석,76423,부산광역시 남구 서초중앙70길 315,아름김마을 425호,019-790-8139,seongmin02@example.com
민건우,28765,전라남도 보령시 백제고분가 180-66 (성현박이면),지영서타워,010-4509-6896,yeonghyi24@example.net
이지혜,91416,부산광역시 용산구 언주0길 289-93,정웅손아파트 나동 351호,054-428-0110,jongsubae@example.net
김영철,12169,광주광역시 도봉구 개포72로 557,재현구황타운,018-663-4202,sanghobag@example.com
김중수,14454,경상북도 청양군 영동대가 897 (영미박읍),춘자박오마을 T동 048호,054-264-6843,yeonghwan07@example.org
박영숙,86267,서울특별시 종로구 삼성거리 939-96,준서최아파트 553호,055-206-3379,yejin23@example.org
김춘자,75279,울산광역시 서대문구 압구정길 815-23,은정강연립 라동 328호,062-147-1173,hanminsu@example.com
우현숙,20385,강원도 안산시 백제고분45로 751-9,준서강김연립,02-0096-9199,yejin81@example.net
류영길,50473,광주광역시 마포구 테헤란가 931,윤서박이빌라,044-384-0990,igyeongsug@example.org
김성진,98986,제주특별자치도 증평군 백제고분길 17 (지연김동),윤서김아파트 465호,070-9542-7658,seoyeonhan@example.net
이순옥,07334,경기도 성남시 양재천39길 359-27,옥자전아파트 T동 661호,041-069-6119,miyeongi@example.net
문미정,90081,충청북도 하남시 도산대00거리 18-74 (지훈윤오마을),민수장빌라,053-437-5110,kcoe@example.com
권경수,83424,인천광역시 북구 영동대거리 409-2 (서연김동),상훈김이연립 G동 200호,070-6984-1606,songeunseo@example.net
김수진,62768,경상남도 천안시 동남구 선릉로 890-7 (영수김동),영철김타워 385호,055-979-3563,jaehyeon67@example.org
이우진,79936,경상남도 청주시 상당구 가락868거리 76 (우진최허면),은서김타워,02-5826-7296,bagseojun@example.com
김예지,97345,서울특별시 용산구 영동대68로 293-70,광수장배아파트 B동 901호,051-539-4077,ieunju@example.org
김예준,91021,광주광역시 강동구 선릉거리 673-88 (영호김권동),현우오연립 814호,064-718-0565,lbag@example.com
이민서,35171,대전광역시 양천구 언주가 802,수진최빌라,064-790-3135,yeongjin92@example.com
김정훈,59443,인천광역시 은평구 잠실로 681-27 (윤서이김동),혜진김타운 C동 711호,017-295-9237,ji@example.com
최현숙,49816,전라북도 양구군 학동6가 252-37 (은경김리),민석이심타워 366호,019-388-6469,geonu65@example.com
양서영,81999,제주특별자치도 서천군 도산대795거리 674-38,경희김타운 F동 024호,019-250-2778,jieun59@example.com
이지후,12446,제주특별자치도 원주시 언주길 601,보람이오마을 라동 903호,02-8970-5857,uca@example.net
조정남,56866,경기도 김포시 테헤란로 302 (수진김이읍),정호김타운 M동 518호,063-724-0220,fi@example.org
김채원,04069,대전광역시 양천구 잠실거리 975,민재나빌라,054-422-1463,lcoe@example.org
신준영,99934,충청북도 의왕시 영동대6가 984-62 (서현김리),재호남빌라 I동 525호,051-357-4249,bagcaeweon@example.org
김상현,47337,경상북도 아산시 양재천거리 192-15 (승현송주동),영철김연립 307호,054-257-2878,isanghun@example.org
박미정,45738,부산광역시 성동구 압구정거리 627-4 (현주권유읍),상철성타워,044-387-3075,jeonghyi24@example.net
박정수,44517,인천광역시 마포구 언주73길 680-90,서연박아파트 A동 576호,010-2227-1152,sanghyeonhan@example.org
김동현,02309,경상북도 여주시 영동대가 816-76,지혜조김타운 486호,052-085-9041,yuyeongceol@example.net
김정호,24132,경상북도 용인시 역삼327길 202,보람김아파트 141호,063-281-2266,jaehohan@example.com
이미경,90554,세종특별자치시 마포구 오금가 지하474 (지영이읍),예준이마을 892호,033-703-7371,gyeongsugi@example.com
황정훈,85609,광주광역시 은평구 선릉로 116 (은지김김읍),은주이타워 W동 826호,019-254-7108,cha@example.org
박민재,00536,울산광역시 금천구 서초중앙712가 189-82 (현주김이동),정호이타운 207호,043-153-1225,fgim@example.net
이지혜,36753,경상북도 원주시 양재천77가 지하951,예지박김아파트 라동 236호,051-442-1376,simhyeonjeong@example.org
김은서,24147,대전광역시 노원구 서초대69길 290-16,옥자이김연립 979호,016-164-3285,eunji53@example.org
김중수,95036,경상북도 고성군 오금로 92 (하윤김문면),영환박빌라,043-276-8614,mbag@example.com
이숙자,84706,세종특별자치시 노원구 영동대거리 612-50,현숙김마을,016-928-5971,hyejin58@example.org
한영철,62456,세종특별자치시 강남구 역삼가 244,경수김박연립 568호,033-433-5368,hyejinna@example.com
김미숙,64943,부산광역시 광진구 서초중앙로 526 (영미김마을),영식이빌라 523호,044-652-7696,ryujeongja@example.net
정영호,98823,부산광역시 마포구 삼성길 149 (지후이이동),정희장아파트 199호,061-552-4770,iseongsu@example.com
최지혜,93401,서울특별시 종로구 선릉길 173 (진호박동),예은박아파트 I동 165호,017-793-5795,jeonghun76@example.org
김옥자,06335,전라남도 군포시 언주296가 536-53 (서현박리),옥자장연립,019-790-8620,qo@example.org
김순옥,09920,부산광역시 동작구 언주길 52,상호양아파트,018-009-3739,iseunghyeon@example.com
송현준,01995,인천광역시 용산구 봉은사9로 지하348,지우이타워,041-544-3694,jeongung41@example.net
김영숙,88411,충청북도 홍성군 논현1거리 337 (정숙백윤마을),윤서박타워 C동 029호,02-4913-7134,eunji63@example.org
유지현,62018,전라남도 성남시 논현483거리 451-39,미숙김김빌라 982호,063-547-9857,seoseojun@example.org
한승민,85596,경상남도 용인시 수지구 역삼64길 542,영환조아파트 P동 874호,010-4202-2651,misug58@example.com
김예원,88045,광주광역시 관악구 강남대600길 237-75,경자박빌라 E동 819호,052-804-2185,xi@example.com
김은정,04345,서울특별시 동구 강남대거리 890 (미숙김이동),현숙이김타워 583호,054-063-3328,minjeonghun@example.com
이유진,60132,전라남도 부천시 테헤란2로 481 (지현이황면),영호이빌라 144호,011-236-0976,ujinyun@example.org
한우진,54941,경상남도 수원시 권선구 학동682로 968 (시우류면),수진장배타운 U동 600호,055-975-7736,hyeonjibag@example.com
성채원,96079,울산광역시 양천구 반포대4로 689-90 (중수민백동),영희권이타워 380호,055-069-0630,geonucoe@example.org
황주원,85060,서울특별시 용산구 강남대가 887-53,승민최아파트 665호,010-5132-2229,jeongho38@example.net
김상훈,09650,부산광역시 관악구 역삼79거리 지하947,상호류아파트,010-7467-8597,ryumyeongsug@example.org
김도현,07622,광주광역시 금천구 오금85길 368-79 (예원이읍),정웅송김빌라,018-201-2983,areumyun@example.com
윤영미,58653,세종특별자치시 관악구 개포04길 460 (현정김동),은서이하타운 505호,054-234-4234,sujin56@example.net
김영식,10378,울산광역시 동작구 오금2로 지하592,현우강빌라 039동 541호,070-4964-2127,yeongilbag@example.org
박상현,72591,세종특별자치시 강동구 석촌호수거리 647-90,성현박강연립 나동 580호,070-0397-1690,gangseongmin@example.net
노정자,86357,부산광역시 도봉구 선릉가 942-68 (영수홍김면),영길이김연립 라동 272호,064-793-4572,sbag@example.com
박현지,70837,전라남도 포천시 테헤란가 139-19 (예준김읍),민재박타운,053-467-5245,gyeonghyigim@example.com
홍은서,24323,전라북도 영동군 삼성78가 401 (아름박동),지영박타운,070-7943-7589,hwangeunyeong@example.net
김유진,24370,경상남도 예산군 도산대27가 632 (정남김서리),지영김타운 905호,031-585-7556,jeongja96@example.net
노정훈,36879,서울특별시 용산구 백제고분340로 186,상철류박빌라 035호,053-939-0156,gimogsun@example.net
이민석,95440,인천광역시 송파구 도산대5길 380-51 (정웅오신읍),민수이타운 Y동 545호,018-597-0335,gangjeongsun@example.com
이광수,23864,충청북도 이천시 삼성거리 480-12 (영환남면),경수이빌라 670호,041-630-4156,ujihu@example.com
이준서,26126,전라남도 옥천군 역삼121로 381-78 (진우박면),정웅허타워 531호,042-525-2831,imsubin@example.com
이은정,93011,세종특별자치시 성동구 선릉172길 49-13 (영환김주면),승현박이타워 라동 706호,02-6184-6563,obag@example.org
손경희,37947,경기도 증평군 백제고분68거리 494 (상호안읍),준서심김타운,043-817-5999,misugcoe@example.com
조지우,50599,대전광역시 광진구 백제고분90로 570,예진김마을 228호,016-966-5325,qi@example.net
배영길,34562,울산광역시 동작구 백제고분거리 735-1 (영희이동),현지백김연립 808호,063-905-8038,fi@example.org
이우진,50606,경기도 영동군 역삼로 856,상철김마을 073호,041-034-7963,sanghyeonbag@example.org
김수민,80195,서울특별시 강동구 선릉길 208 (중수하최읍),채원이아파트 L동 008호,053-655-6857,ei@example.net
유광수,18119,경기도 서산시 삼성길 지하668 (현주홍동),지민곽타워 003호,031-361-8855,gimsumin@example.net
주순옥,35758,제주특별자치도 오산시 압구정80로 지하631 (유진한마을),서연김마을 177호,061-406-2339,ai@example.net
한영희,28310,인천광역시 성동구 양재천로 456-96 (주원김이동),예은김김타운 가동 414호,064-737-9638,minsusong@example.org
김영자,68304,경상남도 청주시 서원구 반포대로 336-38,지원윤박마을 A동 939호,033-676-2014,gimyeongceol@example.net
이영순,92301,경기도 김포시 잠실09로 525-57,시우고이아파트 858호,042-632-5844,imjeongsun@example.org
최영철,55943,광주광역시 은평구 서초중앙길 지하718 (서연김전리),정순이이아파트,043-206-3762,munsunog@example.org
박영진,01608,전라남도 서산시 언주24로 65,성훈최마을 X동 504호,052-757-9994,cunja10@example.com
심진우,10889,제주특별자치도 정선군 오금5길 862-57 (순옥한리),지후서김아파트,041-154-8092,haeun54@example.com
김준영,36878,제주특별자치도 괴산군 도산대042거리 720,영숙김타워 224호,042-816-7645,seongsu76@example.org
김수빈,54026,대구광역시 은평구 석촌호수33로 497 (정식황동),서영김타워,064-759-5080,donghyeon99@example.net
이현주,87127,서울특별시 노원구 개포로 475 (은경차김리),서윤장윤빌라 621호,011-818-8517,hanyeongjin@example.net
장병철,63947,충청북도 속초시 잠실로 327 (중수최읍),영자강타운,02-2238-6273,uo@example.org
전순자,11441,대전광역시 양천구 강남대길 602-39,미숙박안빌라,041-324-9806,ai@example.com
허영식,57813,세종특별자치시 용산구 영동대8길 지하298,민서김김타워,063-427-3020,ihayun@example.net
백지아,67461,제주특별자치도 아산시 오금96거리 659 (민수황마을),현지김김아파트 F동 088호,070-6473-7692,gimseoyeong@example.net
서순옥,04829,인천광역시 영등포구 테헤란068가 332 (하은이리),지현박윤아파트,02-9144-1226,bagsubin@example.net
엄현숙,68250,대구광역시 금천구 영동대길 408 (명숙송김리),중수이빌라 Q동 959호,063-373-3227,coehaeun@example.com
강선영,40528,울산광역시 성북구 서초중앙로 지하770 (정호김홍면),정식권타운,051-462-5797,yujin66@example.net
강윤서,11423,서울특별시 동작구 선릉거리 51-22 (영진박이마을),현준이박아파트 721호,053-722-5015,caeweon76@example.org
이예준,10649,경상남도 강릉시 양재천8거리 53-14 (정순김송리),서현장박마을,055-744-2880,iyeongil@example.com
윤지우,38119,울산광역시 마포구 서초대04가 지하914 (진호허류동),성수이이아파트,017-955-2706,minjaejeong@example.net
김수빈,87456,전라남도 청양군 역삼68로 981-51 (경희이동),성훈이연립,070-0565-6518,jinho78@example.net
이승현,64311,인천광역시 은평구 오금길 209-84 (은서박리),시우김윤타워 A동 459호,053-607-7943,jojuweon@example.com
서도윤,91805,전라남도 태안군 테헤란거리 552-69,예은최타운 298호,052-636-2295,vyang@example.com
이도현,68593,제주특별자치도 영월군 테헤란로 807-75,명자박김타운 L동 242호,017-032-6197,qgim@example.com
최종수,82054,울산광역시 서구 영동대11길 696,민준장연립 870호,032-410-2426,iseoyun@example.org
김성수,86836,강원도 김포시 선릉00거리 304-50 (시우김리),준영한박타워 129호,044-717-6880,ki@example.com
박춘자,24123,전라북도 양평군 논현길 955 (경자박최면),민수김타운 124호,070-9709-8117,myeongsug95@example.com
강혜진,27669,충청남도 태안군 논현062로 639 (지훈이문읍),준혁백이아파트 다동 690호,017-050-5739,hgim@example.org
안도현,50567,부산광역시 금천구 테헤란1거리 474-95,민지강연립 567호,053-713-6581,gimyeweon@example.org
김영희,22760,충청남도 성남시 수정구 테헤란6가 534 (윤서주리),서준김빌라 M동 305호,010-1554-4288,heoyunseo@example.org
김정자,98260,경상남도 정선군 영동대60거리 150-35 (주원양면),준영한전타워 Q동 848호,033-756-1145,yunseo97@example.net
송성호,13381,대전광역시 강서구 오금가 지하221,예은이아파트 G동 772호,031-737-5787,boram95@example.org
김영철,46770,경기도 청주시 흥덕구 개포거리 536,민준김타워,064-750-3898,pgang@example.com
주수민,43560,울산광역시 중구 영동대251길 지하872,재현이연립 가동 480호,063-329-8468,gimjinho@example.org
이정희,84453,광주광역시 동구 영동대로 180,영길최이타워 926호,044-444-4026,jeongsuni@example.com
양성수,99895,부산광역시 마포구 오금가 949-29,성진박빌라 298호,033-739-4331,nojeongsun@example.com
김성수,80933,부산광역시 성동구 역삼1로 지하446,영호김장타운,011-454-5027,yunseocoe@example.com
주준영,69427,전라북도 안성시 도산대거리 803-15,영진김이빌라 774호,043-042-9047,coeminseog@example.com
백지혜,05534,전라남도 홍성군 개포가 883-95,종수장연립 710호,031-392-3769,lgim@example.net
이영진,44527,울산광역시 성동구 압구정67길 908-52 (현지이읍),정호이타워 062호,032-848-8862,idoyun@example.com
김성훈,30255,전라북도 홍성군 백제고분가 212-3,민서송타워 780호,052-773-8619,eunjeong90@example.org
최우진,28615,경상북도 인제군 석촌호수가 250,경자김김아파트 444호,031-398-4484,mgim@example.net
지영미,98259,경상북도 하남시 가락030로 643 (중수박황리),미정김타운,043-868-5069,jeongjinho@example.org
박지민,83635,광주광역시 광진구 도산대306길 665,서준장오연립 O동 825호,010-4204-8371,jeongho65@example.org
최영자,13756,강원도 시흥시 가락5길 623-44,민석강이아파트,016-481-8414,minseo82@example.com
윤예진,11414,전라북도 양구군 개포8거리 320,정웅김타운 249호,070-3856-0855,ubag@example.net
이지영,73922,인천광역시 중구 봉은사69로 86,은경이아파트,041-003-1469,jihye93@example.org
김승민,75227,경기도 동두천시 개포068로 275-67,정순강심타워,052-593-1826,yeweonsong@example.com
김지은,64375,부산광역시 서대문구 언주60로 138-38 (우진장면),영수강김타운,053-019-9158,egim@example.org
박지훈,66749,경상남도 파주시 논현8가 553 (혜진김리),영미김아파트,054-847-0159,seoyeonbag@example.com
이승현,84509,전라북도 성남시 중원구 언주거리 459,상훈하박타워,044-478-9098,gimjunho@example.com
김성민,63139,충청북도 안양시 동안구 서초중앙09길 지하947 (서영김이읍),수빈박박빌라,064-704-3365,yunhyeonu@example.net
김종수,14223,경상북도 안산시 단원구 서초대2로 348 (지은김면),준서고류타워 782호,016-792-8042,jia96@example.com
최미경,61625,울산광역시 용산구 언주800로 155 (민지이면),예지안이아파트 344호,052-725-2111,iyun@example.net
김영수,19360,광주광역시 금천구 선릉가 774-83,시우김오타운,02-8090-1375,ujeon@example.net
오예원,62609,전라남도 청주시 서원구 개포거리 316-21 (지현장마을),영호윤박타운,041-770-0494,gimujin@example.com
송유진,00753,부산광역시 중구 서초중앙가 392 (준혁박면),경숙윤빌라,010-5246-6954,ominseo@example.org
서정수,80571,제주특별자치도 고양시 일산동구 논현가 980 (정남김마을),서연최타운 V동 768호,043-135-4041,zi@example.com
심준서,98303,부산광역시 중구 압구정거리 172-38,서연이타운 826호,02-2974-3400,coeseunghyeon@example.org
박서연,80958,강원도 오산시 가락64로 지하803 (명자이리),은정홍마을 629호,062-034-1250,zbag@example.com
윤은경,49901,경기도 정선군 서초중앙가 381-65,진우김장타운,064-738-5805,gimseohyeon@example.org
문도현,41990,경상북도 수원시 장안구 서초중앙길 347-44,병철장아파트 016호,062-730-8006,obag@example.com
임수진,21792,경기도 광주시 영동대로 252,광수권아파트 387호,063-645-9576,jeongsun76@example.com
김준혁,83437,경기도 금산군 서초대거리 673 (재현김이마을),준혁김아파트,016-739-8326,dgwag@example.org
최승현,37593,경상북도 음성군 영동대길 699,현우서타워,016-897-3476,jongsu48@example.com
김정수,42792,서울특별시 도봉구 반포대길 273-92 (광수김면),정웅안타운 C동 322호,02-4903-4670,bgim@example.org
박준영,22811,대구광역시 동대문구 삼성거리 지하505,성민강이빌라 Y동 383호,064-757-8168,yejin77@example.org
강현우,62213,울산광역시 은평구 서초대가 지하100 (영철박면),진우강연립 312호,043-214-0070,vgim@example.org
유지훈,78422,인천광역시 서대문구 영동대거리 631-31 (지연강이읍),지은최마을,064-753-6115,sryu@example.com
문예진,69898,인천광역시 용산구 양재천거리 356-48 (유진신읍),명자한이마을,052-697-2745,eungyeong86@example.com
문진호,28123,대전광역시 강남구 오금1가 582 (영일이김리),지영오김타운,041-998-8017,yeonggilbag@example.net
이성호,91770,울산광역시 광진구 서초대5거리 203 (옥자박이동),중수이이아파트 I동 066호,055-998-7559,eunjugim@example.com
김지원,12917,강원도 영월군 백제고분로 447-14 (예준한이마을),은지안박타운 K동 576호,070-4007-1893,yunseogang@example.org
김춘자,29210,세종특별자치시 노원구 봉은사길 5-52 (정식이리),춘자고타운,011-392-7642,bagyeongsu@example.org
김예준,26401,충청남도 성남시 중원구 역삼로 750 (영진김읍),영희양최아파트 L동 013호,033-328-9457,yeongceolmun@example.com
최정자,10177,경상남도 양구군 잠실2길 886-58 (지훈우읍),영철이아파트,019-225-2723,qcoe@example.org
권은정,97237,인천광역시 중랑구 삼성9가 162,지원심타운 668호,042-136-0300,jungsugim@example.org
이재호,18531,울산광역시 강남구 석촌호수05거리 335 (정웅김이동),미영김연립 W동 119호,062-296-8141,eyun@example.com
안재현,38402,경기도 용인시 처인구 압구정2가 925,혜진이문마을 165호,033-660-6616,seosanghun@example.org
장선영,43456,대구광역시 중랑구 영동대거리 995,현숙김김빌라 G동 700호,051-262-0647,sgim@example.com
고병철,11138,전라남도 용인시 영동대로 680,재현전송아파트,042-302-8105,ryumiyeong@example.org
조영자,10940,광주광역시 남구 서초중앙로 524 (정훈김리),상훈권김타워 N동 738호,062-615-3031,munareum@example.com
김수빈,62496,충청북도 부천시 소사구 압구정688로 344 (현지하이동),옥순고연립 P동 648호,042-835-8261,iseongsu@example.com
김승민,83345,서울특별시 동대문구 삼성5길 916,미숙차권연립,02-1650-7195,bageunju@example.org
문승민,35104,경상남도 안양시 동안구 강남대로 910,은지김빌라 B동 265호,019-102-8872,yeongsunhwang@example.org
최진우,30303,부산광역시 강동구 역삼길 지하692 (재현박리),유진한최연립 225호,055-281-5356,sunoggim@example.org
송은정,60004,부산광역시 강서구 압구정거리 194-80,예준오윤빌라,031-691-8032,minjibag@example.org
김민석,84344,대전광역시 강남구 반포대로 46,아름이이타운 897호,043-429-2047,migyeongjang@example.net
김은정,93954,부산광역시 성동구 압구정가 646-53,정훈박타워,042-666-2827,iseojun@example.net
박승민,53993,전라북도 광주시 오금985길 207 (민재박홍마을),지은김강연립 889호,016-331-2542,munyeonggil@example.com
정민서,28769,충청북도 영동군 강남대527가 지하82,채원임김빌라,010-1150-7426,jeongjaseo@example.net
김중수,94839,광주광역시 마포구 삼성로 479,성민송마을 208호,018-897-7345,rgim@example.org
김성민,85516,광주광역시 관악구 석촌호수로 552-37 (현지김동),현주김마을,061-626-2506,ijiyeon@example.com
강지혜,18926,대전광역시 은평구 역삼457거리 842-54,성진김빌라,054-458-5538,minseoggim@example.com
한은지,20246,세종특별자치시 도봉구 언주0가 133 (광수박리),영희김민마을,041-515-9829,hongjeongho@example.net
김미정,00536,부산광역시 마포구 석촌호수253가 21 (영수김최마을),영순장연립 K동 690호,044-262-6028,caeweon06@example.org
최민지,80163,경상남도 보은군 논현20로 334-3,준호박이마을 U동 758호,032-802-7635,minjio@example.org
박민준,35571,제주특별자치도 천안시 동남구 잠실135로 641,서윤이박타워 M동 003호,044-001-9097,jeonghungim@example.org
이도윤,70163,제주특별자치도 광명시 잠실길 484-86 (숙자권면),경숙김한아파트 U동 842호,063-722-2884,gimjeongung@example.com
김지현,43063,서울특별시 영등포구 테헤란길 262-13,진우이김마을,019-588-0316,li@example.org
오현준,37285,충청북도 안성시 삼성길 514-1,민준이오아파트 111호,031-798-7391,jeongsui@example.net
안우진,89628,부산광역시 성북구 오금85로 992-86 (순자성마을),영미송빌라 714호,043-344-0508,sanghogim@example.com
이승현,87776,서울특별시 중랑구 오금로 586,영숙이이타워 X동 637호,011-412-2010,ogja24@example.net
문민수,47816,전라남도 부천시 소사구 역삼7거리 257,영식황타운 X동 990호,016-339-1698,lhwang@example.net
김예준,52119,부산광역시 남구 삼성1로 495,준혁우김연립 580호,051-619-0312,jeongjai@example.net
김은서,64081,인천광역시 금천구 서초중앙거리 165-51,중수한타워 636호,055-316-3570,sugja02@example.com
박서영,92601,제주특별자치도 안양시 도산대길 20-59,미숙이최빌라 Q동 777호,032-195-1533,jeongsug29@example.com
김옥순,78006,충청북도 광명시 반포대로 124-41,혜진박아파트,063-259-3493,msim@example.net
김동현,90807,광주광역시 양천구 반포대60거리 지하618 (아름이김마을),주원김김타운 S동 781호,011-720-4200,jbag@example.com
김정수,38727,경상북도 서천군 개포530길 284-23,보람고타워 393호,018-527-4324,jiyeong67@example.net
김건우,36612,경기도 삼척시 역삼길 807-73 (정호권김마을),영길이곽마을 U동 204호,018-853-6678,jeongjau@example.net
이건우,78368,광주광역시 서초구 잠실809로 311,민서이타운 D동 295호,061-295-4823,ryujungsu@example.net
김재현,44740,서울특별시 구로구 가락3길 763,현우박김마을,055-915-2488,junho92@example.net
이지현,49368,울산광역시 관악구 선릉로 1-6 (예준이읍),은영김빌라 M동 348호,054-169-2795,sunog31@example.org
이정수,42545,경상북도 당진시 개포1거리 34-54 (도현박마을),정호이김빌라 901호,042-000-9541,eunjugim@example.net
김정호,83131,광주광역시 중구 압구정5가 612,민지김타워 506호,018-195-9925,minji27@example.net
손영일,87311,경상북도 태백시 개포길 607-25 (정순박읍),현주김마을,043-644-8911,xcoe@example.net
박정수,10472,경상남도 홍천군 학동48거리 930-23,영식박김마을 488호,018-428-3834,misugi@example.com
장병철,21115,대구광역시 서대문구 양재천6로 354,영일김곽마을,041-009-1206,zhong@example.net
강영일,31099,인천광역시 서초구 서초대가 227 (준서김리),현지오이타워 K동 325호,033-152-0736,vbag@example.org
황혜진,61294,제주특별자치도 철원군 강남대길 지하890,도윤심타운 28동 173호,033-806-5382,gimgyeonghyi@example.net
권예은,67284,부산광역시 노원구 테헤란길 291,정식박박타워,053-349-8244,eunseojo@example.org
양춘자,48758,세종특별자치시 영등포구 강남대74거리 61 (승현신면),하은한백연립 X동 424호,061-418-1884,ubag@example.net
최지민,88074,대구광역시 중랑구 영동대95가 864-26,하은박연립,061-981-5987,seongjin49@example.com
박예원,33618,강원도 양구군 잠실7가 331 (수민이황마을),예원최김타운 224호,041-129-3567,gimeunyeong@example.com
김정호,47634,충청남도 동해시 언주698로 645 (영수김면),승현고연립,019-780-3568,bagjunyeong@example.com
최정순,91455,세종특별자치시 서초구 백제고분68길 868-19 (상호김동),영일김이타워,054-982-3723,simsangho@example.org
김민지,29226,울산광역시 북구 삼성거리 120,상철김김마을,010-5891-0513,munminseog@example.org
홍준서,19483,전라북도 진천군 양재천로 지하391,춘자노타워 E동 731호,064-742-7791,areum24@example.com
김진우,47653,전라북도 부여군 테헤란75가 727 (서현김동),성민이빌라 543호,032-326-4882,gimminjun@example.com
이하윤,39429,전라남도 성남시 수정구 서초대길 828-45 (윤서권리),성현백최연립,041-168-6084,hyejinbag@example.com
구지아,94974,세종특별자치시 강남구 개포902가 356-82 (춘자박동),정자강최연립,053-643-0561,jeongsigyang@example.org
김수민,58385,인천광역시 성동구 석촌호수2거리 842-33,채원류연립 181호,053-644-8569,haeun77@example.net
황영진,68246,울산광역시 서초구 언주960길 지하805,은서이심연립,064-786-7851,hyeonjeongseo@example.net
김혜진,24056,경상남도 용인시 기흥구 역삼43로 608-47 (민수김동),병철윤손연립,016-404-7795,yeeunbag@example.org
고상철,35471,충청남도 광주시 오금02거리 194-14,수빈이권연립 라동 106호,017-512-9295,eunyeong08@example.com
이상현,02349,부산광역시 은평구 석촌호수15거리 396,정수김빌라,011-468-0992,gimjeongsig@example.org
이선영,06609,인천광역시 북구 서초대173거리 532 (영식윤읍),준혁오오타워 바동 624호,054-651-8966,jinu52@example.net
양서준,25458,인천광역시 도봉구 테헤란65가 320-97 (명자박읍),숙자최연립,063-822-8439,jeongsug64@example.org
김현숙,94710,대구광역시 강동구 개포86거리 517,경희백박연립 933호,064-761-7727,junho71@example.com
강진우,15351,울산광역시 노원구 압구정0로 843 (성호김김리),영환이김연립 J동 616호,052-911-8390,eunjuseo@example.org
이준서,30232,울산광역시 중구 학동길 821 (서윤박마을),영길박마을 300호,042-671-9193,jihyeyun@example.org
박도현,07250,충청북도 의왕시 학동8길 399,서연심타운,010-3745-2611,minseog00@example.com
김채원,40248,경상남도 당진시 영동대가 지하560,성민장타워,010-5325-7980,yeeungim@example.com
엄영진,18027,대전광역시 강동구 양재천89거리 349-12 (정자이서마을),상호강이빌라 H동 497호,044-424-9183,pi@example.com
김순옥,44467,대구광역시 남구 언주522로 933,보람송이타워,017-629-2102,pbag@example.net
서순자,47224,대전광역시 강남구 도산대가 지하696,채원황마을,042-368-5006,sanghungim@example.net
김하은,47156,제주특별자치도 태안군 선릉5로 990-93 (정호김동),지우양이아파트 865호,031-047-8006,ijihyeon@example.net
이정식,04644,전라남도 원주시 역삼673로 339-81,도윤차타운,031-649-5588,jihu85@example.net
박성현,02909,대전광역시 성동구 석촌호수84거리 883 (준혁김구리),영미박마을,016-622-5941,jieunbag@example.org
성준서,71183,광주광역시 성동구 가락64거리 211,영진김타워,043-061-2854,minseogcoe@example.org
이성호,68830,충청남도 부천시 오정구 압구정8거리 245-78,영숙이박타운 654호,064-703-3540,donghyeon12@example.org
이경자,67390,강원도 서산시 백제고분2길 지하809,현지강김빌라 나동 045호,052-463-0480,ijinho@example.com
김예지,83871,제주특별자치도 과천시 언주91가 158-80 (현준이리),영진나마을 388호,070-2869-5528,seungminyu@example.org
최영길,82280,대전광역시 서초구 논현007길 75,정호최이아파트 다동 671호,062-415-6860,jaeho12@example.org
윤은정,79961,부산광역시 영등포구 서초중앙길 831-92,서준남홍아파트 014호,042-765-4897,gyeongsugi@example.com
송정자,77236,전라북도 의왕시 학동로 142 (동현김마을),정훈김진타워 451호,019-307-6879,jeongjayun@example.net
박은경,72715,전라북도 속초시 개포길 875 (영숙엄동),서윤유박타운,016-049-4215,vcoe@example.net
박정호,06010,인천광역시 성동구 역삼길 931 (윤서김동),도현오구빌라 472호,033-878-2783,minji29@example.org
안정숙,90135,대전광역시 서초구 테헤란거리 523-94 (지영이리),지현박김아파트 S동 960호,070-1943-5839,ogja24@example.org
배민지,19893,충청남도 논산시 반포대로 184-82,지민노연립 K동 466호,051-112-0148,doyungu@example.net
김서준,61370,부산광역시 종로구 학동70가 304-56,숙자이한빌라 Q동 775호,02-8075-3082,lgim@example.org
김진우,53367,부산광역시 금천구 개포64가 443-54,민수조황타워 S동 010호,042-581-1253,cbag@example.org
김혜진,01602,부산광역시 종로구 잠실길 지하390 (은주이면),옥자이김빌라 T동 716호,064-716-1859,angyeongsug@example.com
이정남,29738,인천광역시 영등포구 백제고분704가 631-74,지후성김타워 M동 640호,041-805-7613,hongminji@example.org
류영호,92554,충청북도 수원시 팔달구 석촌호수56가 635-7 (상호김읍),현우강박타워,052-456-8306,ugim@example.net
김민수,29630,대전광역시 성북구 압구정가 734-87 (경자이동),주원오타워 E동 506호,062-240-8732,ujinbag@example.com
김진우,89982,서울특별시 양천구 삼성738길 129-51 (종수김동),윤서윤타운 가동 801호,016-898-5269,jaehyeon33@example.org
이지연,21471,세종특별자치시 광진구 백제고분516가 656-38 (성수한강마을),영수이서아파트 094호,032-176-0136,jeongnam86@example.com
최서영,52713,울산광역시 서구 선릉가 127-77,승민박안타운 V동 300호,063-337-3208,seongho88@example.com
장상철,13709,전라북도 군포시 강남대22가 578 (아름허동),진호한김마을,011-891-3213,bhwang@example.org
장준혁,52518,제주특별자치도 광명시 서초대13가 218,민서박연립,070-7855-4762,seongjingim@example.com
노현지,72932,울산광역시 서초구 양재천6로 840-54,아름이타워,061-838-3806,lbag@example.com
김준호,03317,대구광역시 중랑구 서초중앙6로 690,순자안아파트 017호,017-533-7456,seojun13@example.net
이도현,37318,제주특별자치도 포천시 잠실75길 지하568,윤서권타워,018-701-8393,jinhogweon@example.net
오서영,71065,세종특별자치시 성동구 잠실로 141-16 (은영김동),진호김타운 223호,042-606-9137,ogjai@example.org
김민준,73033,충청북도 수원시 장안구 서초대253거리 35-97 (정자백리),정남박아파트 388호,042-860-6659,jeonghogim@example.net
김혜진,29968,인천광역시 영등포구 압구정길 592-56,은경박김연립 828호,017-187-8110,egim@example.net
한정수,61370,경상북도 횡성군 서초중앙거리 758 (은서이서면),준호박아파트 778호,010-7025-0873,gimseongjin@example.com
김재현,79903,강원도 구리시 서초대거리 262,영숙문김마을,070-0700-7486,gimcunja@example.com
장현지,50702,대구광역시 관악구 서초중앙가 311-21 (시우김김동),순자박타운 388호,041-188-5444,eunju38@example.org
박은정,72236,울산광역시 종로구 개포길 901-13,동현윤이마을,017-228-4383,jinu62@example.com
이유진,12239,강원도 부천시 소사구 반포대5길 540,정남김김아파트 930호,017-826-9288,hwangyeongja@example.com
양채원,46250,전라남도 부천시 영동대0거리 844-1,은경박김타워 398호,052-725-7461,gimminjae@example.org
지민준,83604,광주광역시 마포구 반포대6가 463-43,경수김임빌라,052-050-3757,jongsuim@example.com
노준호,23079,대구광역시 서구 강남대거리 247,수진이빌라 N동 331호,033-923-9867,yanggwangsu@example.org
김승민,48456,인천광역시 용산구 백제고분로 137-41 (명숙김김마을),미영박김빌라 133호,055-053-8426,misuggim@example.org
김진호,57746,제주특별자치도 청주시 흥덕구 양재천거리 353-77 (경숙황면),영수김마을 148호,033-964-4349,snam@example.org
이예원,20839,세종특별자치시 북구 언주660거리 358,도현박김마을,051-126-1224,chwang@example.net
엄정웅,44662,경상남도 청주시 청원구 개포40거리 587-94 (경수황오면),승민박박연립,063-444-6628,ei@example.org
이정희,50533,울산광역시 강북구 반포대가 798,준혁우권타워,017-289-5960,seongjingweon@example.com
이영진,00619,대구광역시 금천구 언주거리 234,예지김아파트,053-092-8414,seonyeongbag@example.org
박명숙,51509,부산광역시 강남구 오금길 490,정숙홍이마을 바동 135호,043-955-7884,misuggim@example.com
한상철,93705,경기도 태안군 학동로 364,현우김연립,053-004-3973,gimgeonu@example.org
안은지,29091,부산광역시 은평구 잠실416가 지하246 (순자김면),도윤김김타운 가동 236호,051-587-9998,gimmigyeong@example.net
황보람,38486,경상남도 구리시 오금가 370 (채원김최동),정남류양연립 Y동 137호,010-5835-5294,jgim@example.net
손순옥,47200,인천광역시 강동구 언주80로 357 (정자이송읍),미영홍장아파트 나동 205호,033-419-3192,yeongjin03@example.net
김현숙,35066,전라북도 용인시 수지구 압구정4가 980-44,정남김김아파트,054-650-1203,dgim@example.org
이하은,92830,대구광역시 북구 개포2길 165 (영희이읍),지민구서연립 809호,031-376-3260,minseo63@example.net
박정호,42028,서울특별시 강동구 잠실로 694,지혜이김타운 213호,041-768-2707,ryujia@example.org
김민석,17614,경상남도 계룡시 영동대길 417,영진강이타운 F동 435호,018-317-8895,lgim@example.org
고민지,06428,경상북도 양평군 양재천8가 784 (준혁백읍),민지윤빌라 915호,010-1454-4559,lgim@example.com
남영환,13789,서울특별시 구로구 도산대55거리 930-17,윤서이타워 T동 406호,019-848-1393,areumgim@example.com
김승현,81783,경기도 청주시 흥덕구 양재천로 661-86,지혜안문아파트 703호,018-738-3179,ei@example.org
김민준,34369,제주특별자치도 용인시 봉은사가 231 (현우김김동),중수김마을,055-158-5554,iogsun@example.com
김아름,54998,전라남도 고양시 일산서구 영동대38가 10 (정희최양리),은주이오타운 905호,051-791-5025,jieun94@example.org
엄경숙,37996,대구광역시 관악구 언주89길 636-41 (미경박읍),상현김주아파트 F동 081호,062-742-6717,yeonghyi38@example.org
배준서,67339,서울특별시 북구 삼성4거리 284 (영자박이마을),정남김류연립 029호,017-184-1229,bagjeongsu@example.com
황경수,33779,충청남도 이천시 학동로 246,은영김김빌라 X동 123호,043-276-7382,hyeonugim@example.org
고진호,85112,경상북도 진천군 선릉7길 645,지현구손타운 267호,043-584-1968,seonghun14@example.com
이예원,66121,전라북도 군포시 서초중앙989거리 264-85 (영식이마을),미정조이빌라 712호,054-495-9672,jihyeo@example.com
이경자,14478,대전광역시 광진구 선릉거리 833 (옥자장동),경희허민타운 D동 938호,02-4893-1376,ogjajeon@example.org
김현숙,53021,부산광역시 중구 잠실923길 653-87 (옥자나손면),정자한조타워,033-152-9089,junho45@example.org
이은영,83646,경상북도 제천시 학동633거리 845 (수진김리),하은황진마을 L동 156호,062-729-2050,junho91@example.com
김하은,62875,세종특별자치시 서구 가락3가 207-10 (지연문이리),주원김장빌라 226호,070-3923-2175,gi@example.com
서영진,23879,경기도 영동군 반포대15가 875 (서준한동),정웅김진연립 344호,054-854-0756,jaeho53@example.org
김현정,61322,대구광역시 관악구 역삼22가 657-57,현주박빌라 M동 091호,019-066-4778,bgim@example.org
황현우,54858,경상남도 영동군 반포대05길 249-58,정호이최타워 194호,043-215-1486,hyeonjigim@example.com
이지현,10188,인천광역시 금천구 영동대로 591-30,은정한빌라 342호,051-974-7800,jiweon48@example.net
최예진,37857,강원도 청주시 흥덕구 강남대길 195-53 (현우문동),지영박이마을,070-3651-1915,yeongho24@example.com
김아름,77549,서울특별시 중구 양재천가 36,성수이연립 344호,019-663-8792,seojunseo@example.com
이현정,85859,전라남도 과천시 삼성0거리 310,은주조정연립 471호,051-124-5729,hayunyun@example.net
김현주,49853,경상북도 양구군 선릉가 575 (미정김나마을),순자김송타워 가동 557호,042-954-2168,yeonghyimun@example.net
정시우,11694,전라북도 오산시 역삼35길 309-12 (정숙김면),진호황고연립 564호,062-378-9934,jungsu66@example.org
구서준,18948,서울특별시 용산구 도산대로 지하115 (준혁김김마을),유진고이빌라 458호,052-723-1045,seonghunbag@example.net
박상현,09991,세종특별자치시 노원구 영동대길 72-6 (정호우오면),혜진장최아파트 836호,017-710-3479,vgim@example.com
김명숙,80365,대전광역시 강동구 강남대213길 지하466,하은민마을 다동 047호,055-466-2981,jangyeonggil@example.net
이미정,11384,전라남도 안양시 만안구 백제고분92가 953,미영이타워 997호,043-167-1161,vi@example.com
장채원,55218,경상남도 부천시 원미구 서초대41길 870-7 (수빈김마을),주원김조빌라,055-351-5247,zgim@example.net
김영환,10405,대전광역시 서구 석촌호수2거리 23,미경김김타워 G동 512호,011-374-3847,mgim@example.com
주정식,73143,대구광역시 동대문구 삼성1거리 591,정순이연립,054-642-6963,hyejin85@example.com
이도윤,41834,대구광역시 북구 삼성거리 579-56 (준영최면),상철최마을 405호,053-659-0655,gyeongsujang@example.net
박정희,03817,서울특별시 동구 잠실2로 433 (지후박마을),정희오타워,010-2270-3717,hyeonjeong90@example.com
이영환,26807,서울특별시 중구 영동대31로 99-95 (은지강동),영자이김연립,063-987-3257,ycoe@example.com
황수빈,87487,전라남도 영월군 서초중앙가 87 (지우박안리),도현최성마을 N동 125호,052-176-1909,jeongnam66@example.com
최건우,80239,세종특별자치시 강북구 서초대거리 지하467,윤서박노빌라 423호,064-786-6453,egim@example.net
강정순,74884,세종특별자치시 종로구 오금0길 66,순자최마을,044-086-5247,anjeongho@example.net
이지은,70708,경기도 계룡시 역삼9로 지하60,우진이빌라 773호,017-282-9547,ii@example.net
오정순,58476,경상남도 영동군 역삼길 426,민서류빌라 X동 151호,032-180-0393,hyeonjugim@example.com
김지현,79879,인천광역시 금천구 양재천길 291-80,경숙민강타워 J동 169호,017-874-1070,gimogsun@example.org
이승현,20049,강원도 의왕시 도산대가 지하887,은정임타워,042-423-2422,ngang@example.net
권수진,22232,부산광역시 북구 테헤란46길 96-76,미숙홍마을,055-981-8787,ehwang@example.com
박지원,32306,인천광역시 구로구 도산대가 179-40,정순박김연립,017-506-9074,gyeonghyi21@example.com
김현지,33261,광주광역시 중구 학동2로 821-19 (현지김배리),현주류권타운 506호,064-730-2370,gimbyeongceol@example.com
박현정,70517,경상남도 강릉시 서초대로 지하424,시우강서빌라 나동 304호,042-328-1514,jihyesong@example.com
윤영철,74659,서울특별시 중구 압구정3가 864,수민이윤연립 F동 179호,064-772-4772,gyeongsubag@example.com
김성호,79235,서울특별시 중랑구 잠실길 466-60,도윤박김타운 D동 322호,053-265-1450,eunjian@example.net
박지연,19215,세종특별자치시 북구 언주가 976 (영수이동),순옥권박아파트 X동 644호,053-470-6860,sunog11@example.com
양정훈,89624,인천광역시 동작구 강남대로 730-35,영미이타워,010-4288-1022,hyeonji42@example.org
박옥순,84814,부산광역시 관악구 개포119가 759 (상철강장동),지후박안빌라,018-170-2006,coeyeongceol@example.com
송현준,02785,광주광역시 서대문구 서초대길 지하59,지원오강아파트 P동 174호,02-4897-5289,agim@example.com
이영희,33069,경상남도 보령시 선릉0로 868-69,영식김아파트 527호,044-287-3879,jiyeon79@example.org
김지은,47864,제주특별자치도 부여군 서초중앙80거리 61-8 (하은김마을),서윤주김연립 19동 550호,032-455-4168,geonu90@example.com
황영희,17269,충청북도 의정부시 역삼4길 773-67,도현박오연립 018호,043-845-3082,gimjeongsu@example.org
차성수,21131,울산광역시 중구 서초대35길 854-76 (영수우장읍),성훈고홍빌라 086동 708호,02-1446-5550,gimminsu@example.org
김현주,21630,인천광역시 남구 오금가 268-78 (상현김마을),지아박류타운 602호,042-222-4039,ysong@example.org
강병철,69593,충청남도 오산시 강남대1거리 35-47 (지민허읍),영진윤아파트,019-496-7713,pbag@example.com
이민수,56691,세종특별자치시 은평구 테헤란49가 568,예준황박아파트,063-947-7365,seongsu57@example.com
우정호,40534,충청북도 파주시 가락거리 679,준영이김아파트,033-477-8249,bagseongjin@example.net
우지원,38768,부산광역시 성동구 잠실332길 429 (명숙정윤마을),은서홍마을 R동 119호,02-1411-8171,sujin70@example.net
이영희,47074,부산광역시 중랑구 서초대970로 48-27 (지현김김마을),진우서타운,041-814-6400,icoe@example.net
김수빈,25575,서울특별시 광진구 석촌호수85길 572,옥순안빌라 512호,054-529-8121,jinho22@example.com
곽민재,97199,광주광역시 양천구 석촌호수길 471 (은정김읍),지현한류연립 666호,011-529-3858,hyun@example.org
서민수,77305,광주광역시 동작구 양재천526거리 929,은서김타운,070-0355-5455,minseogbag@example.net
박준영,79111,강원도 영월군 서초중앙로 236 (수빈김면),옥자김타운 829호,018-576-4509,gimyeongceol@example.net
장현지,76479,강원도 아산시 언주47거리 152-81,재현류빌라 D동 539호,061-585-9906,kbag@example.org
조하은,37696,경상남도 과천시 삼성로 72-44,예준문타워 H동 707호,042-286-7629,cgim@example.com
이영순,56186,울산광역시 종로구 잠실34길 114-62,현정강박타운,016-423-5963,yejunseo@example.net
김건우,84995,전라남도 금산군 삼성가 지하402,은지강장타워,051-259-9893,hyeonjigim@example.com
이정훈,91118,경기도 양평군 압구정로 903 (정희김김동),지아최마을 098호,063-980-5033,jaehyeon64@example.org
김중수,35531,제주특별자치도 안산시 상록구 역삼가 892-42 (도윤김이동),수진이타운,044-879-9644,sanghunyang@example.net
노주원,83485,전라북도 성남시 반포대5길 지하786,선영이이아파트 J동 920호,011-466-5589,igim@example.com
서동현,01761,대구광역시 송파구 가락0로 400 (미정이마을),주원최타운 325호,018-422-4359,yeweon21@example.net
박지후,75755,경상북도 당진시 언주길 450,하윤김노빌라 Y동 058호,011-482-9673,jeongsig48@example.net
최서연,36424,인천광역시 서초구 잠실5거리 344-23,현준심타워 572호,02-1608-4361,vcoe@example.org
손경희,75065,세종특별자치시 양천구 잠실3로 685 (현주최홍마을),현숙김아파트,031-369-6745,mgim@example.org
박미숙,98781,전라북도 당진시 역삼5길 168,영진류연립 R동 548호,02-8556-3642,ijia@example.net
장미경,73096,부산광역시 강동구 서초중앙031길 42-14,하윤송빌라 C동 792호,061-682-8484,miyeong39@example.com
이성진,74343,부산광역시 은평구 강남대12길 490 (윤서이김리),영미최홍타운 730호,064-782-3977,eomsunog@example.com
김병철,87479,충청북도 청주시 상당구 석촌호수87가 660 (주원양리),현정이김빌라 569호,061-117-3961,minseo24@example.org
이경수,44153,충청남도 단양군 언주64가 835,영환김연립,051-108-1912,jeonghun01@example.org
최지원,28155,경상북도 평창군 서초대9거리 487-75 (진호박읍),미정이이빌라 T동 489호,043-579-3406,iseunghyeon@example.org
최춘자,37050,서울특별시 마포구 개포가 702-68,영숙임이마을,031-964-2779,hyejini@example.com
조수진,86780,전라북도 단양군 테헤란로 지하732 (민서김이면),영순이구연립 084호,054-580-6415,myeongsug55@example.com
고하윤,28654,경상남도 고양시 일산서구 역삼7로 170-12,옥순서박빌라 260호,063-954-8700,jiui@example.net
김은경,27572,경기도 당진시 개포거리 663-66 (영진박김마을),민석이김타운,061-586-9114,jihyesim@example.org
강은영,35455,부산광역시 동대문구 테헤란902로 395 (은영김읍),도현이타운 M동 504호,033-235-9957,minseogim@example.com
최성수,27667,강원도 양구군 서초대가 지하71 (영호고동),도현이이마을 846호,061-014-0279,jiyeongcoe@example.net
김정자,40124,경기도 천안시 동남구 영동대0거리 56 (예준민안읍),예지김이타워 676호,016-465-5411,jiyeon24@example.net
김성수,31566,대전광역시 남구 개포길 480-93,준영서타워,070-1727-0968,dseo@example.com
최현우,27673,대구광역시 강남구 봉은사39로 641,준영이김타운 328호,031-313-7763,caeweongim@example.net
이병철,66813,서울특별시 용산구 도산대로 365-69,성훈이타운 H동 064호,064-794-2632,ujin98@example.com
배예준,85334,경상남도 부천시 원미구 잠실1거리 지하774,지현주연립,061-317-0599,jeonghyicoe@example.net
남준호,25896,경기도 부여군 논현길 98 (은주이리),성현이서아파트 R동 241호,054-959-0997,jeonghyii@example.com
김영희,49888,제주특별자치도 인제군 잠실3길 856-62 (현숙최면),동현오김마을 642호,041-741-6486,jeonghyii@example.com
황영식,40095,경상북도 과천시 언주994길 272-27 (채원한최면),동현유타워 W동 930호,053-733-4581,zi@example.org
박상철,90396,전라북도 양주시 도산대391로 5 (영수이홍면),병철서타워 D동 133호,052-048-4264,yson@example.org
홍민재,15673,충청남도 양양군 삼성거리 150 (정훈이김동),미숙민타워 040호,044-702-4049,gusugja@example.com
이수민,65226,광주광역시 관악구 논현거리 740,주원김이아파트,043-656-3897,bagjeongsun@example.com
김옥순,07331,부산광역시 동작구 서초대로 679-18 (서현이김리),예진김타운,064-704-3336,oi@example.com
김성진,06381,충청북도 수원시 영통구 가락116로 710,영진김빌라 X동 468호,018-818-7282,ihyeonu@example.net
김정훈,74255,광주광역시 종로구 서초중앙9거리 447-93,정식오고아파트 V동 588호,055-597-6659,minseogi@example.org
박경숙,00807,전라남도 양주시 학동0로 858-77 (은경이조면),현우홍양마을 325호,042-990-6202,minsu21@example.org
이선영,70127,인천광역시 북구 석촌호수3가 658 (영희박면),재호이정빌라 974호,043-261-8881,egim@example.com
윤지민,95035,전라북도 양양군 도산대60가 315-45 (영일이김동),예은노최빌라,062-282-0105,ryujinu@example.net
김동현,07779,부산광역시 북구 테헤란가 5-94 (명자이마을),옥자김타운,052-920-0378,ji@example.com
김우진,90359,경기도 여주시 가락가 지하315 (하윤김이마을),은정이연립 322호,055-809-5940,jheo@example.org
장명숙,14332,경상북도 부천시 소사구 강남대길 204,은서이아파트,051-023-7408,ohan@example.com
황영식,74401,인천광역시 중구 봉은사길 729,민재이장연립 T동 184호,018-577-8164,seongsu74@example.net
류정희,67995,세종특별자치시 용산구 테헤란거리 271 (성현김동),경자서아파트,051-438-1492,hyeonjica@example.com
홍유진,25421,충청북도 음성군 논현길 지하787 (영자이읍),미영김김타워 M동 830호,032-465-6857,seoyeon14@example.org
나상현,72184,대전광역시 중구 역삼46로 266-80,은주남최타운,055-005-3574,minseo90@example.net
최주원,83011,강원도 속초시 선릉길 493-78 (성호김읍),은영김마을,064-764-1397,lyun@example.org
문성진,52418,전라북도 증평군 선릉26거리 398-32,옥자노타운,031-481-2218,jihu60@example.net
김광수,26706,충청남도 과천시 반포대944거리 545-94 (상훈윤리),우진허문빌라 M동 060호,031-530-8046,gimsangceol@example.com
김광수,61789,인천광역시 금천구 봉은사거리 405-42 (진우이김읍),정순최연립 D동 023호,044-451-3128,fi@example.com
류지영,22094,세종특별자치시 광진구 도산대거리 73-95 (서연박면),은서김마을,051-925-5352,eunjugim@example.org
이영환,27788,광주광역시 북구 역삼길 387 (우진이서리),동현송마을 R동 961호,053-622-5132,jaehyeongim@example.org
신예준,45077,충청북도 횡성군 영동대가 860-5,지연한허타운 A동 247호,043-710-1705,gyeongjagweon@example.org
김은주,49595,경기도 횡성군 압구정088길 575 (정희이오리),광수황황빌라 T동 749호,018-178-8803,gangseojun@example.org
김서준,73681,충청북도 과천시 삼성8거리 726 (순옥김면),숙자이김타워 753호,054-246-0900,cu@example.com
김서연,13385,부산광역시 강서구 잠실33로 469,옥순김아파트 275호,010-0454-8599,jeongsu88@example.com
이은주,92601,경상남도 부천시 오정구 영동대길 321,순자김최빌라 429호,011-453-7927,iyeonghyi@example.com
김채원,67857,대전광역시 남구 강남대2거리 지하853 (서영김서동),춘자정김타운 383호,052-601-1984,yeonghyiyun@example.com
류윤서,19419,경기도 부천시 학동로 지하326 (지민김송면),옥자하강아파트 550호,063-228-1779,bagsunja@example.com
최병철,15631,전라남도 하남시 석촌호수2가 484 (지현서최읍),도윤성연립 G동 813호,055-554-3489,cunja96@example.com
권병철,86432,부산광역시 금천구 삼성69로 297 (미경이문리),중수최김타워 마동 960호,02-8400-3446,doyun55@example.com
박영진,66648,전라남도 수원시 장안구 논현289가 37 (정자이최읍),진우김마을 G동 115호,052-664-1650,coesunja@example.org
김건우,51012,서울특별시 종로구 강남대가 424-77 (영진고박면),옥순최허타워 291호,062-546-0576,yangeunseo@example.net
황재호,38308,대전광역시 동대문구 압구정31길 215,영식심홍타워,054-350-5201,zhwang@example.org
김윤서,27565,강원도 양주시 봉은사로 957 (수빈김윤리),영호오장아파트 184호,010-0976-6703,ji@example.com
김광수,68301,인천광역시 종로구 개포가 673 (시우곽김마을),현주김이빌라,019-767-1391,bagareum@example.net
최명자,36470,경상남도 고양시 일산동구 강남대51거리 지하498 (지은이읍),민서강마을,044-817-6611,jeongjagim@example.org
윤주원,81658,부산광역시 동대문구 압구정거리 402-75,영희김임아파트,064-733-5245,caeweoni@example.net
이미영,30363,전라남도 과천시 선릉거리 273-25,서윤최타워,032-809-4041,yhong@example.net
하예은,53329,부산광역시 중랑구 역삼길 681-19 (민서김김리),옥순이아파트 225호,064-710-5495,yejin71@example.com
박서현,88669,대구광역시 금천구 개포303로 763-16,우진조윤연립 134호,033-399-3644,hgim@example.org
주정남,03328,인천광역시 동작구 백제고분가 지하823,경수안김타운,064-715-5991,bagsunog@example.org
이정호,23930,충청북도 안양시 만안구 압구정가 949-23,현숙박연립 149호,042-686-7868,bagseonghun@example.org
김은정,04179,제주특별자치도 홍천군 개포091가 768 (서준오읍),예은오아파트 S동 204호,061-278-7852,eunjumin@example.com
이영환,77961,울산광역시 송파구 테헤란95거리 527,은정지성아파트 마동 981호,032-534-0565,sunjai@example.net
이지현,06609,부산광역시 강동구 언주641길 687 (지현송리),준호백이연립 912호,033-009-9447,eunyeonggim@example.net
김영숙,10061,대구광역시 강남구 봉은사로 264-44 (재현박오동),영철이타운,017-951-1984,jiyeon39@example.com
김서윤,49392,대전광역시 마포구 오금로 506-2 (지아나리),예준김조연립,02-4563-7863,eunyeonggim@example.org
이정자,14671,강원도 안산시 단원구 학동380길 388-84,재호서김타워 039호,017-350-9283,ryuyeongsig@example.org
조승민,71418,세종특별자치시 은평구 강남대가 지하916 (영수권마을),정숙강김아파트 W동 418호,041-101-7688,bagjeonghun@example.com
권정희,76765,제주특별자치도 아산시 개포거리 553-99,은경최장타운 R동 581호,053-972-7703,seohayun@example.net
강미경,38008,대구광역시 강서구 양재천0로 지하925 (채원박김동),선영김최빌라,018-384-9892,bagsangceol@example.org
이영환,60991,충청북도 정선군 석촌호수799거리 952-28,명자이오마을,017-530-6446,xan@example.net
최광수,89342,대구광역시 중랑구 논현가 400,지연김아파트 나동 704호,042-122-0286,eungyeongi@example.net
박경숙,82670,충청남도 성남시 중원구 석촌호수가 107,유진김아파트,018-268-9463,jongsujang@example.com
김진우,40808,충청남도 오산시 백제고분4거리 435 (상현강이리),상현김마을 O동 963호,061-982-0882,qi@example.com
이예원,85816,경상북도 청주시 청원구 석촌호수길 519 (지민김마을),미영강김빌라,019-442-3709,gimjunseo@example.net
배영진,72946,제주특별자치도 화성시 학동가 564,영수김타운,070-9665-3449,yeonggilbag@example.org
김지연,75470,전라남도 정선군 테헤란거리 601 (상훈김리),주원송연립 나동 303호,061-141-5181,sujin10@example.net
김민지,13386,울산광역시 도봉구 백제고분가 지하517 (승민문리),상호한김빌라 H동 469호,054-500-1877,yeongsugryu@example.org
김준서,25924,제주특별자치도 충주시 언주길 366,시우심타운 281호,062-075-5508,ojiweon@example.com
김성수,40693,제주특별자치도 성남시 분당구 압구정길 997-9 (정호김리),지훈배아파트 나동 343호,019-275-0781,kcoe@example.com
송성현,44863,경기도 강릉시 영동대490로 145 (지우이마을),건우문마을 Y동 515호,044-230-0758,iyeweon@example.com
김동현,89918,광주광역시 남구 삼성가 332 (영진손동),예원김빌라,016-778-0385,yejuni@example.com
심서현,44150,전라북도 청주시 청원구 학동길 686 (지현김김리),도윤오김연립,031-259-8996,ihong@example.net
최정훈,03123,제주특별자치도 연천군 강남대807길 186,병철손타운,016-327-5152,sunja11@example.com
김혜진,78326,강원도 부천시 원미구 학동거리 지하657,영철강연립 X동 518호,062-012-1379,hayungweon@example.com
조민재,15811,인천광역시 양천구 논현거리 951 (영미최김면),지영이빌라 C동 397호,010-0543-3872,jo@example.com
김민서,77387,대구광역시 강동구 석촌호수26가 596-78,은주이타운 788호,055-905-5810,sujinbag@example.net
박성훈,62014,울산광역시 중랑구 삼성992길 668,영식박아파트 마동 782호,061-672-9285,jaeho54@example.net
박현지,69722,충청남도 시흥시 잠실로 12-84 (영호박동),영환이고마을 X동 708호,051-097-0824,jiweon99@example.net
이중수,63524,제주특별자치도 파주시 삼성거리 지하166,춘자김마을,043-581-9873,jinugu@example.org
최영길,43274,대구광역시 동대문구 석촌호수491가 60,서연장빌라 022호,054-450-0384,rgim@example.net
안미영,00861,세종특별자치시 중구 삼성57가 731,정훈이타워 356호,016-566-8792,cgim@example.org
이은서,49990,강원도 춘천시 서초대가 860-90 (은서신문동),현우송강타워 516호,052-177-3466,jgang@example.com
이진우,08920,서울특별시 종로구 잠실가 지하910,영일이우아파트 498호,043-428-3524,bagjeongsug@example.com
이영희,97727,경상남도 시흥시 봉은사840가 387-20 (영수김문읍),현우박빌라 V동 943호,011-534-3766,yeongsu64@example.org
송준서,01106,울산광역시 노원구 석촌호수가 132-54 (수민이마을),지훈최마을 535호,042-735-7143,gangjeonghun@example.com
서지연,96422,전라남도 의정부시 도산대가 184,은정김김타워,042-445-9056,njang@example.com
고순자,30187,부산광역시 양천구 서초대7길 지하249,영수김박연립 32동 528호,054-623-4164,ggim@example.org
이서연,16430,충청남도 보령시 도산대가 814,은정이박빌라 S동 562호,031-538-4916,junho22@example.com
이재현,88417,대전광역시 동구 역삼0길 505,미숙이김마을 383호,054-891-5574,hyeonu32@example.com
이상철,27289,울산광역시 관악구 테헤란거리 964,영수이이아파트,018-510-8819,minseoggim@example.com
나지현,59582,울산광역시 강동구 언주길 936-28 (승현강김면),수진이이연립 115호,041-261-7532,qbag@example.org
이서영,32665,전라북도 용인시 수지구 서초대4가 434-25,주원이마을 965호,054-365-2161,yeongceol79@example.com
이서준,16076,경상북도 안양시 동안구 언주52길 925 (성진안읍),현준박조연립,055-082-6521,gwagmisug@example.com
구민지,13724,세종특별자치시 동대문구 언주0가 501,수빈이김마을,063-288-3948,isugja@example.net
박영식,39047,제주특별자치도 김포시 학동705로 773,현주이이빌라 V동 347호,052-462-3377,bagseonghyeon@example.com
주현준,62707,대구광역시 서초구 강남대0거리 지하919,영자신김연립 974호,062-951-6469,jinho14@example.com
이지연,53873,서울특별시 서대문구 잠실로 570-74 (민준이동),현지남곽타운 Z동 966호,019-376-7915,xan@example.org
엄정남,68904,세종특별자치시 중구 압구정15길 925-58,준영김황연립 434호,053-436-6701,minjun30@example.com
안현지,24862,인천광역시 성동구 도산대32가 471-36 (지현이마을),숙자안김타워,062-698-9377,ryujeongsun@example.com
김정수,50554,대구광역시 중랑구 언주3길 40-6 (경희서면),상철최아파트 125호,055-013-3677,byeongceolgim@example.com
고시우,30272,울산광역시 마포구 강남대거리 621 (하은김이리),정자박타워 A동 300호,02-9933-9251,gjo@example.net
최광수,11016,경기도 양평군 도산대31길 536-48,민지박빌라,011-719-4084,jihun07@example.net
윤민수,45099,강원도 안양시 양재천529가 656 (준호김마을),승현장하타운,052-052-7380,yeongil91@example.net
이정남,83119,경기도 이천시 석촌호수거리 348,정웅구김연립,010-7103-1882,iyujin@example.com
이상호,02315,전라남도 예산군 선릉154가 284 (아름황김마을),경수이마을 S동 994호,019-343-4235,jeongsunson@example.org
김은서,36360,강원도 용인시 처인구 선릉거리 897-19 (지우조동),지연김백빌라,033-418-3277,gimyeonghyi@example.net
안순옥,30713,광주광역시 동대문구 서초중앙가 355 (서현양동),아름박차연립,052-344-1593,di@example.net
황보람,85799,부산광역시 강서구 서초대길 277 (예진진이리),지연윤윤빌라 W동 805호,051-829-1676,gimsubin@example.com
김아름,96364,인천광역시 성북구 영동대가 956,도현신김연립 D동 979호,011-462-7395,fyun@example.org
허성수,74321,울산광역시 양천구 선릉169길 701-83 (정식김황읍),지영강박아파트,02-0461-3159,yeongsu05@example.net
류수빈,80095,경상남도 광주시 역삼98가 지하581,정식김이마을,017-460-1708,lyun@example.net
이영진,75756,제주특별자치도 부천시 원미구 역삼83로 826-10 (정수나장동),경숙이타운,063-096-7628,jongsubag@example.org
이순옥,19973,경상북도 단양군 선릉504가 926 (정호류리),은주김마을,043-798-9866,uan@example.net
박현준,10493,대전광역시 남구 학동99길 241,지민김김아파트 바동 396호,017-498-2204,sugjagim@example.net
류영순,08052,서울특별시 동구 테헤란6거리 53-20 (하윤양읍),정남박타워 바동 210호,053-038-1410,sonjinho@example.org
김승현,35036,인천광역시 동대문구 학동3가 717,상현박박빌라 081호,064-761-1229,jiyeonggim@example.net
박옥자,38552,대전광역시 금천구 언주94거리 11-90 (경수이리),예원김백타운,062-924-3843,lgim@example.net
김유진,26449,부산광역시 용산구 선릉길 332 (채원박황마을),하윤김타운 789호,043-279-7474,jaehyeon82@example.com
윤춘자,66503,대구광역시 송파구 논현길 185-57 (순옥백이리),은경이연립 978호,070-3357-0079,gimeunyeong@example.org
홍미정,58880,경기도 부천시 오정구 논현865길 618,예지류빌라,033-347-1390,go@example.net
김은경,47204,대구광역시 금천구 봉은사39길 115 (지민한한마을),영식문이빌라,02-6810-0749,jeongsugheo@example.com
이상호,02291,광주광역시 종로구 서초중앙로 431 (건우백이동),영희김연립 282호,016-411-4066,jijia@example.net
강춘자,51048,전라남도 제천시 양재천571로 737 (정순박김동),미경고이연립 090호,064-703-7892,sunog40@example.net
주병철,58354,경상북도 광주시 테헤란길 335 (윤서김김리),현정백이타운,033-391-3936,ugim@example.com
홍성민,99170,제주특별자치도 천안시 동남구 역삼73길 465-18,하은류타워 816호,019-349-9125,jongsu28@example.net
최광수,73040,강원도 수원시 영통구 학동로 665-87 (정순최박면),지현이심타워 209호,031-197-4546,eungyeong34@example.org
이민석,11714,경상남도 단양군 영동대554거리 735-83,영수오빌라 340호,063-394-6199,yangyeongsug@example.org
김현우,31303,대전광역시 동구 언주6가 164-52 (현우강하리),민석김아파트 695호,062-626-6508,yeonghyi25@example.net
김건우,53793,경기도 부천시 선릉003거리 46,지연최아파트 R동 615호,043-549-9771,yeongsu89@example.org
조미영,79444,부산광역시 남구 도산대882가 958,상철김구마을 W동 151호,055-223-9182,gimsiu@example.com
박지원,34977,경상북도 천안시 동남구 오금가 81-46 (성호전읍),지우이이빌라 230호,041-815-9666,coejunhyeog@example.org
박민수,58342,제주특별자치도 부천시 원미구 오금길 지하376,준호김김타워 P동 178호,053-679-2642,dohyeon29@example.org
노경희,87467,강원도 인제군 백제고분387거리 450-64,춘자백연립,044-476-5863,ii@example.com
김지훈,91560,강원도 화천군 삼성로 635-29,미경허빌라,02-1689-9808,seonghyeon90@example.net
양미숙,57969,경기도 파주시 잠실098가 683-48,명숙최아파트 127호,041-324-6275,minjun00@example.com
이경수,20699,서울특별시 강북구 개포거리 456 (유진최안마을),상현김타워 라동 224호,051-440-0619,gyeongsu89@example.org
이정남,90281,경기도 고양시 역삼15길 547,민수이한마을 A동 829호,010-8503-3240,jeongjai@example.org
김건우,42570,울산광역시 도봉구 학동39거리 871,예지김타워 489호,053-895-9664,gimareum@example.com
홍경숙,86905,제주특별자치도 음성군 강남대697거리 38-41 (동현박리),지훈양이타운 C동 393호,070-2029-4231,gimjihu@example.com
윤성수,38346,광주광역시 서구 양재천거리 650 (경희박읍),정호조타워,064-783-8789,hyeonji19@example.net
성지영,54421,충청북도 구리시 서초중앙로 150 (영미고면),진호홍윤타워 J동 573호,018-217-2184,gweonyujin@example.com
최민재,86628,울산광역시 용산구 역삼길 238-72 (보람성윤동),정자주마을 985호,016-364-4476,ggim@example.com
김주원,31534,경기도 평창군 반포대576거리 338-26,정호황마을,043-803-9033,juweon33@example.net
김도현,79197,경기도 영월군 삼성길 627,지원김타운,061-563-4643,pi@example.com
